ID,SIC_CD_3,CF_Number,Validity,Proximity,Sparsity,Realism,Robustness,QualityScore,Immutable_Violated
126732,L68,1,0.0,0.10289751796519181,0.22580645161290322,0.5660428608080301,0.0,0.1876613104950824,False
126732,L68,1,0.0,0.16231069364550985,0.24193548387096775,0.47959251777532036,0.0,0.17324636755564204,False
126732,L68,1,1.0,0.13747995356795223,0.22580645161290322,0.48270282292790984,0.9,0.8301143689969845,False
54264,L68,1,0.0,0.13331227848268393,0.27419354838709675,0.6047892958240216,0.1,0.20507450730315938,False
54264,L68,1,0.0,0.14727233174924528,0.2903225806451613,0.5803988856455985,0.3,0.2248276816157238,False
54264,L68,1,0.0,0.15606688426469403,0.25806451612903225,0.5888684477178727,0.0,0.18787400884246785,False
136474,L68,1,1.0,0.04905272887118157,0.3548387096774194,0.5625788835153087,1.0,0.874262762702394,False
136474,L68,1,1.0,0.043231362397066105,0.3387096774193548,0.5123350558102668,0.9,0.8564237078702841,False
136474,L68,1,1.0,0.05421814004796094,0.3387096774193548,0.5762959555944174,1.0,0.8734208325517567,False
136474,L68,1,1.0,0.04492021442217967,0.3225806451612903,0.5497688578296425,1.0,0.869714365396528,False
48234,F42,1,0.0,0.011707775470319284,0.5967741935483871,0.575853661638303,0.1,0.2512133421907079,False
48234,F42,1,0.0,0.10312548213251951,0.4032258064516129,0.5217306465342062,0.0,0.2024256634281444,False
48234,F42,1,1.0,0.0830180639892954,0.2903225806451613,0.5317998414987986,1.0,0.8599004842394071,False
48234,F42,1,1.0,0.14247644625344616,0.2903225806451613,0.5214546196235659,0.8,0.8299223060016979,False
34218,L68,1,1.0,0.10619711245074898,0.3387096774193548,0.47232209707711004,0.9,0.8449816291161907,False
34218,L68,1,1.0,0.0976886521384694,0.2903225806451613,0.5457558267887123,1.0,0.8598210839217115,False
34218,L68,1,0.0,0.15900608990038323,0.3225806451612903,0.4374483978985251,0.0,0.17789143923993692,False
34218,L68,1,1.0,0.12345841166854571,0.3225806451612903,0.5258582560142734,1.0,0.8583311655007797,False
71017,G46,1,1.0,0.12881303759816023,0.20967741935483872,0.5582598700046071,0.8,0.8265693613068096,False
112534,L68,1,0.0,0.10349933824586412,0.3387096774193548,0.49394002143167903,0.1,0.20323892895613,False
112534,L68,1,1.0,0.07511630165617354,0.3709677419354839,0.5821211510436914,0.7,0.8419969545914446,False
112534,L68,1,1.0,0.09092181759392046,0.3709677419354839,0.5360305168560375,0.8,0.8462307156886223,False
112534,L68,1,1.0,0.08802041750394318,0.3709677419354839,0.5836103116325871,0.9,0.8629508484515699,False
75583,G46,1,1.0,0.14694913830595555,0.1774193548387097,0.44420690076052305,1.0,0.8305196796992531,False
75583,G46,1,0.0,0.10722446434473024,0.1935483870967742,0.5099701737157212,0.0,0.17736601071864058,False
75583,G46,1,0.0,0.14702654111852137,0.1774193548387097,0.46481744330721675,0.0,0.166134473003045,False
75583,G46,1,0.0,0.1625166556186516,0.1935483870967742,0.4351559491518121,0.0,0.16290974229221497,False
24659,L68,1,1.0,0.10068916849518939,0.2903225806451613,0.5064531812411731,1.0,0.855120732599016,False
24659,L68,1,1.0,0.09233400203011156,0.2903225806451613,0.5271894701720413,1.0,0.858353116531899,False
24659,L68,1,1.0,0.1299305300515188,0.2903225806451613,0.48196491949753995,1.0,0.8491507744545758,False
24659,L68,1,1.0,0.1238960142952782,0.2903225806451613,0.45940258529683314,1.0,0.8473143501829684,False
91451,L68,1,1.0,0.1477019935407296,0.27419354838709675,0.5306092099957953,0.9,0.8396778627602404,False
91451,L68,1,1.0,0.1332553601010054,0.27419354838709675,0.5619191771494821,1.0,0.8558730406039526,False
91451,L68,1,1.0,0.16296487915419966,0.27419354838709675,0.48065295577739947,1.0,0.8435424027789219,False
91451,L68,1,0.0,0.20615657411244231,0.27419354838709675,0.4196673348197131,0.1,0.1764115898993742,False
52274,G47,1,1.0,0.143874016163054,0.27419354838709675,0.512086895575733,0.9,0.8380451586444195,False
52274,G47,1,1.0,0.16686874981022287,0.27419354838709675,0.5080915629030295,1.0,0.8461573734977671,False
52274,G47,1,1.0,0.2240946840648623,0.25806451612903225,0.4049040183018605,1.0,0.826541538929559,False
52274,G47,1,1.0,0.15973967241440576,0.25806451612903225,0.45695837319735155,1.0,0.8394759129902197,False
25857,L68,1,1.0,0.11755664062878343,0.3548387096774194,0.5715764944526409,1.0,0.8676509515001418,False
25857,L68,1,1.0,0.16108183153255456,0.3548387096774194,0.5234979960690581,1.0,0.857472763801547,False
25857,L68,1,0.0,0.089515436285116,0.3548387096774194,0.5216908593672991,0.4,0.2430015703066225,False
25857,L68,1,0.0,0.14014021015472658,0.3709677419354839,0.43315255718142465,0.0,0.18488667655135357,False
10261,L68,1,1.0,0.23892498027354658,0.1935483870967742,0.5607604849480985,1.0,0.8350426546412585,False
10261,L68,1,1.0,0.23604968925859987,0.1935483870967742,0.5627024078791738,1.0,0.8355779006352608,False
10261,L68,1,1.0,0.22912789912502232,0.1774193548387097,0.5302334171139984,1.0,0.8309472080919651,False
10261,L68,1,1.0,0.29736590752490394,0.1935483870967742,0.38951248458568477,1.0,0.8095216626841728,False
44749,G46,1,1.0,0.11399338008256006,0.27419354838709675,0.5212393554893767,0.8,0.8312710581993238,False
44749,G46,1,0.0,0.1135750785404939,0.22580645161290322,0.600616702844899,0.0,0.19031645287970092,False
44749,G46,1,1.0,0.18555969563300637,0.24193548387096775,0.4811626474022248,0.6,0.7930598261822428,False
44749,G46,1,0.0,0.1981723635078313,0.24193548387096775,0.4518808953778759,0.4,0.2106271128601125,False
50710,L68,1,0.0,0.08535390656745177,0.3225806451612903,0.5884925250890087,0.0,0.2028576959647608,False
50710,L68,1,0.0,0.12764934200644584,0.27419354838709675,0.6007969377665747,0.0,0.1941490160163584,False
18977,G46,1,1.0,0.11157228718116276,0.22580645161290322,0.5449530878867136,1.0,0.8510208058131615,False
18977,G46,1,1.0,0.12066328331597605,0.22580645161290322,0.49038184227479475,1.0,0.8439472233968579,False
18977,G46,1,1.0,0.10291444430546372,0.22580645161290322,0.5477434406289989,1.0,0.8522928275484931,False
18977,G46,1,1.0,0.1034924485168838,0.22580645161290322,0.5480736048631952,1.0,0.8522652897732461,False
55078,L68,1,1.0,0.06213357933404369,0.27419354838709675,0.503112060840827,1.0,0.8572413366548756,False
55078,L68,1,1.0,0.1428327104786335,0.3064516129032258,0.4343407718474591,0.9,0.8331066304746725,False
55078,L68,1,1.0,0.1381396991445887,0.3064516129032258,0.4612365949215242,1.0,0.8477276120755736,False
55078,L68,1,1.0,0.18027755378600063,0.3225806451612903,0.3890264424308374,0.8,0.814592170422903,False
50362,L68,1,0.0,0.08760437985945158,0.2903225806451613,0.49738182195111547,0.2,0.21112222474853615,False
50362,L68,1,1.0,0.07573335992343525,0.2903225806451613,0.5526078028096817,1.0,0.8630218915034897,False
50362,L68,1,0.0,0.06396039305005839,0.2903225806451613,0.5600658593583916,0.1,0.20960311632816608,False
50362,L68,1,0.0,0.08187375010737916,0.2903225806451613,0.5303493046585146,0.1,0.20431090391069964,False
137392,L68,1,0.0,0.027378493315834924,0.3548387096774194,0.5885466049888926,0.3,0.246222980150053,False
137392,L68,1,0.0,0.05422648029197881,0.3709677419354839,0.5944261746398947,0.4,0.25679638180926667,False
137392,L68,1,0.0,0.047365451979677876,0.3548387096774194,0.6029946978509636,0.6,0.27894088394985617,False
137392,L68,1,0.0,0.046622492400882946,0.3548387096774194,0.582593123857629,0.8,0.298978815681574,False
95507,L68,1,1.0,0.1360220205179015,0.25806451612903225,0.5783765905804785,1.0,0.8556021206879565,False
95507,L68,1,1.0,0.15107399986658157,0.25806451612903225,0.5795859227422397,1.0,0.8540640487782989,False
95507,L68,1,1.0,0.15007269311188942,0.24193548387096775,0.5574654175978769,1.0,0.8499253564841062,False
95507,L68,1,1.0,0.1762111738043681,0.25806451612903225,0.5894363782716474,1.0,0.8523655245107012,False
77949,L68,1,0.0,0.08740680136754828,0.2903225806451613,0.524337805701825,0.1,0.20302817610882645,False
77949,L68,1,0.0,0.1824663909810537,0.3064516129032258,0.4215166539071451,0.0,0.17172243064770193,False
75498,F42,1,0.0,0.09660320619592125,0.1935483870967742,0.5831406446482312,0.0,0.18667620283878714,False
75498,F42,1,1.0,0.15556710996998926,0.1935483870967742,0.4498680817700508,1.0,0.8319832620996483,False
75498,F42,1,0.0,0.11584602399640603,0.20967741935483872,0.5948124873949113,0.0,0.1876270980837049,False
75498,F42,1,1.0,0.12982062101687247,0.20967741935483872,0.5399147783956991,1.0,0.8466412863037407,False
83629,L68,1,1.0,0.10525960556146022,0.3548387096774194,0.5399392323367479,0.9,0.854390926272523,False
83629,L68,1,0.0,0.14168797041451234,0.3387096774193548,0.4750751052635879,0.0,0.18578853469649229,False
83629,L68,1,1.0,0.14911253508870292,0.2903225806451613,0.4911930213229335,1.0,0.8480447852088213,False
83629,L68,1,1.0,0.13084517933940526,0.3064516129032258,0.532961801811189,0.8,0.8342853594861122,False
5231,G46,1,1.0,0.22926183804229847,0.1935483870967742,0.43955347512190557,0.9,0.8115377804640423,False
5231,G46,1,1.0,0.20760650735372915,0.1935483870967742,0.49435535574529743,1.0,0.8311441372764825,False
5231,G46,1,1.0,0.23333030586162787,0.1935483870967742,0.4214464512527625,1.0,0.820184948054212,False
5231,G46,1,1.0,0.2617624295116146,0.1935483870967742,0.42503851357576383,1.0,0.8174249412401026,False
35400,L68,1,1.0,0.09353674236325686,0.2903225806451613,0.50071565303463,0.9,0.8441668323685039,False
35400,L68,1,1.0,0.04587976081350102,0.2903225806451613,0.5704850258530175,1.0,0.8683253161871863,False
35400,L68,1,1.0,0.049232320965496665,0.2903225806451613,0.5680956962744896,1.0,0.8676873284393505,False
35400,L68,1,1.0,0.05104829865512791,0.2903225806451613,0.5568126766291055,1.0,0.8662318842910154,False
7761,G46,1,1.0,0.023302525526420127,0.5967741935483871,0.5673253053342702,1.0,0.904532997039582,False
7761,G46,1,1.0,0.07364352973873493,0.22580645161290322,0.5734720633588734,0.8,0.8361816650258934,False
7761,G46,1,1.0,0.06734120529406168,0.22580645161290322,0.5939793220136924,1.0,0.861382729814726,False
7761,G46,1,1.0,0.061637656288980026,0.22580645161290322,0.5916600887711849,1.0,0.8617587648994565,False
107931,L68,1,1.0,0.14983732919792833,0.24193548387096775,0.5346581963346072,1.0,0.847417372334183,False
109871,L68,1,0.0,0.15513545088836475,0.3548387096774194,0.40789426519769534,0.0,0.17862194710963888,False
109871,L68,1,0.0,0.20388424180283357,0.3548387096774194,0.39669888050898205,0.0,0.17196148315372975,False
109871,L68,1,1.0,0.15050872852667666,0.3870967741935484,0.425273421684754,1.0,0.8513179408168473,False
109871,L68,1,1.0,0.1706065194938249,0.3709677419354839,0.4140258441505328,0.5,0.7904874518435769,False
6660,L68,1,1.0,0.1054375343849266,0.3548387096774194,0.5637268860534846,0.9,0.8570142290384419,False
6660,L68,1,1.0,0.0904113066565306,0.3225806451612903,0.5386221912629914,1.0,0.8634212810853056,False
6660,L68,1,1.0,0.14231336083619633,0.3548387096774194,0.5258957586429184,1.0,0.8598245674982379,False
6660,L68,1,1.0,0.09421923744244826,0.3225806451612903,0.5575276299230671,1.0,0.8650987819602121,False
115806,G46,1,1.0,0.0866355430784465,0.22580645161290322,0.5830063553634762,1.0,0.8580196959886592,False
115806,G46,1,1.0,0.10120778798172493,0.22580645161290322,0.5714817855672327,1.0,0.8551200499109346,False
115806,G46,1,1.0,0.09515560299588076,0.22580645161290322,0.5943943589131915,1.0,0.8583383563922459,False
115806,G46,1,1.0,0.07938444254958596,0.22580645161290322,0.5753311111209929,1.0,0.8579725689093678,False
87464,L68,1,1.0,0.2988874200771064,0.3225806451612903,0.4577644091993503,0.9,0.8201619593648372,False
87464,L68,1,1.0,0.2906886091802445,0.3225806451612903,0.4499935845097216,1.0,0.8313206244989741,False
87464,L68,1,1.0,0.29721936087147605,0.3225806451612903,0.3804740002421618,1.0,0.8228705871702195,False
87464,L68,1,0.0,0.255855724141049,0.2903225806451613,0.5931573868219806,0.0,0.18084713814734366,False
9499,G46,1,0.0,0.1151625451668555,0.20967741935483872,0.48714567889362026,0.0,0.1757400614535115,False
9499,G46,1,1.0,0.13533476107572856,0.1935483870967742,0.49100766899205217,1.0,0.8388023661125664,False
42358,L68,1,1.0,0.07637951388247517,0.3225806451612903,0.5546568013730669,1.0,0.8667619925168757,False
42358,L68,1,1.0,0.07658216435216766,0.3225806451612903,0.562404984167051,1.0,0.8676003849973526,False
42358,L68,1,1.0,0.05914199641215625,0.3225806451612903,0.5547159163425504,1.0,0.8686838405657427,False
42358,L68,1,1.0,0.07253253430930222,0.3225806451612903,0.5241759563911927,1.0,0.8638026741381312,False
4684,G46,1,1.0,0.07115802180744663,0.25806451612903225,0.5904970183349982,1.0,0.8641559458507315,False
4684,G46,1,1.0,0.05895168548694474,0.25806451612903225,0.5614674100959703,1.0,0.8622866934153397,False
4684,G46,1,1.0,0.08272346438115027,0.25806451612903225,0.5665995967672404,1.0,0.8602156276127914,False
4684,G46,1,1.0,0.08347844710326341,0.25806451612903225,0.5955485796500963,0.9,0.8522371831862073,False
44695,L68,1,0.0,0.09230630426596702,0.3387096774193548,0.5902592083666268,0.0,0.20407362016889052,False
44695,L68,1,0.0,0.09323488083616101,0.3225806451612903,0.5971828562341119,0.0,0.20294762450658235,False
44695,L68,1,0.0,0.08029072264399292,0.3225806451612903,0.5908094503703641,0.0,0.20367770809862906,False
44695,L68,1,0.0,0.08223455455917394,0.3225806451612903,0.6011306629879176,0.0,0.20460852817667044,False
33436,L68,1,0.0,0.1629096507784378,0.24193548387096775,0.5961603679238203,0.0,0.18613180011292782,False
33436,L68,1,0.0,0.14437933695995434,0.22580645161290322,0.6054009404325307,0.0,0.18742533945394216,False
33436,L68,1,0.0,0.14927449816734573,0.22580645161290322,0.6025957788319662,0.2,0.20879197025305818,False
33436,L68,1,0.0,0.14197183712593145,0.24193548387096775,0.6014711712173864,0.0,0.18904831310693587,False
9065,G47,1,0.0,0.05990767449266941,0.24193548387096775,0.6025847701820228,0.0,0.19829028661781345,False
9065,G47,1,0.0,0.06852549637229222,0.24193548387096775,0.6019538891946993,0.4,0.24170709741037497,False
9065,G47,1,1.0,0.059852704235681474,0.24193548387096775,0.6029067781186972,1.0,0.8649988397504427,False
9065,G47,1,0.0,0.054990368222222315,0.24193548387096775,0.6034099049964854,0.1,0.21003944673835898,False
5797,L68,1,1.0,0.047851942305241035,0.27419354838709675,0.5688464119048326,1.0,0.8661320019985209,False
5797,L68,1,1.0,0.09148685874024205,0.27419354838709675,0.5967722168960052,1.0,0.8643865451714289,False
5797,L68,1,1.0,0.04494381324449059,0.27419354838709675,0.5888145475484695,1.0,0.8686738091878974,False
5797,L68,1,1.0,0.10210489124270863,0.27419354838709675,0.5770313199354195,0.5,0.8054577752310897,False
68494,L68,1,1.0,0.1796374113849615,0.3548387096774194,0.5134452896798627,0.9,0.8431829542191467,False
68494,L68,1,1.0,0.1492971450046081,0.3225806451612903,0.5262122902943407,1.0,0.8554995322723359,False
68494,L68,1,1.0,0.19259079107108695,0.3548387096774194,0.45082398626955666,0.9,0.8347857672084321,False
68494,L68,1,1.0,0.19192651904511115,0.3709677419354839,0.46560568093837396,1.0,0.8494052115365274,False
73160,G47,1,1.0,0.2240882626493612,0.3064516129032258,0.5806760926478285,0.7,0.8181154936557438,False
73160,G47,1,0.0,0.24225955508594804,0.3064516129032258,0.5772540250390585,0.0,0.18238289809514846,False
73160,G47,1,0.0,0.19754153235365024,0.3064516129032258,0.5992330178326929,0.3,0.2231270109313631,False
141195,F42,1,1.0,0.17925047678054906,0.3064516129032258,0.45118351898632647,1.0,0.8420427394565559,False
141195,F42,1,1.0,0.17940627210025878,0.3064516129032258,0.45118351898632647,1.0,0.842025428865477,False
141195,F42,1,1.0,0.2290769637202625,0.2903225806451613,0.40339417386761967,1.0,0.8294044211991687,False
141195,F42,1,1.0,0.1753904263990294,0.2903225806451613,0.46683718190433565,1.0,0.8424188151278298,False
86671,L68,1,1.0,0.005768255695026771,0.6935483870967742,0.5627671487325265,1.0,0.9167274755704748,False
86671,L68,1,1.0,0.0496618567626807,0.3709677419354839,0.5914562551143913,1.0,0.8791957933652438,False
86671,L68,1,1.0,0.05928523914785008,0.3709677419354839,0.5824569227247898,1.0,0.8771266028347138,False
86671,L68,1,1.0,0.08280291357640648,0.3709677419354839,0.5516597113066941,1.0,0.8710916155184191,False
67902,L68,1,1.0,0.11790848501285435,0.3225806451612903,0.5839116657134396,1.0,0.8653982028735416,False
67902,L68,1,1.0,0.12450240039249276,0.3064516129032258,0.5725826064986373,1.0,0.8616146465565967,False
67902,L68,1,1.0,0.11946218611120249,0.3064516129032258,0.5817055238462598,1.0,0.8631883278486981,False
67902,L68,1,1.0,0.14592634797939286,0.3064516129032258,0.5904773248212201,1.0,0.8612225099716725,False
55027,G46,1,0.0,0.016645326153016678,0.5645161290322581,0.5744754861060357,0.2,0.25803847655391965,False
55027,G46,1,1.0,0.07178208534250347,0.1935483870967742,0.593712265581652,1.0,0.8572753963706581,False
55027,G46,1,1.0,0.0709970866296665,0.1935483870967742,0.5941300835313383,0.9,0.8462979315553829,False
55027,G46,1,0.0,0.0644478316974664,0.1935483870967742,0.6025929480304102,0.2,0.2146326114921909,False
137741,F42,1,1.0,0.18999998336286075,0.24193548387096775,0.5782465010869156,1.0,0.8477980001772247,False
137741,F42,1,0.0,0.19355713505265648,0.22580645161290322,0.5880031783212675,0.0,0.1800280549868349,False
137741,F42,1,1.0,0.18880581497652657,0.22580645161290322,0.6096889493838269,1.0,0.8496321762244671,False
137741,F42,1,1.0,0.18386151522120503,0.20967741935483872,0.6106252041622953,0.8,0.8262712342551033,False
53926,G46,1,0.0,0.05796115177053052,0.25806451612903225,0.6017563703243929,0.2,0.2224288594092105,False
53926,G46,1,0.0,0.06161991514925406,0.25806451612903225,0.5891614033419039,0.0,0.19840066714685356,False
53926,G46,1,0.0,0.06127217452834589,0.25806451612903225,0.606163528915616,0.0,0.20032843005736692,False
53926,G46,1,0.0,0.08820001502207249,0.25806451612903225,0.6127412077258187,0.0,0.19806730098141984,False
125956,L68,1,1.0,0.13341409073401161,0.2903225806451613,0.5355463182790845,0.9,0.8436060897989149,False
125956,L68,1,1.0,0.18079626872934706,0.2903225806451613,0.5326768677777367,0.6,0.8046892421881723,False
125956,L68,1,1.0,0.11153869112675435,0.2903225806451613,0.44123488611481043,1.0,0.8466687528481353,False
125956,L68,1,1.0,0.16141643639808664,0.2903225806451613,0.5717489356984393,0.9,0.844517231105057,False
112285,L68,1,1.0,0.2000840760616142,0.3225806451612903,0.4612982252395266,1.0,0.8426438660376891,False
112285,L68,1,0.0,0.2255359169084138,0.3387096774193548,0.36727207276365426,0.0,0.16449398147495503,False
112285,L68,1,0.0,0.13637731929968588,0.2903225806451613,0.6044702313779335,0.0,0.1953794991914899,False
112285,L68,1,1.0,0.2354651462411775,0.3548387096774194,0.35060558264708563,1.0,0.8299976828981475,False
104566,L68,1,1.0,0.14738572721511,0.24193548387096775,0.5602462433388169,1.0,0.8505328888882971,False
104566,L68,1,1.0,0.10627413933133835,0.24193548387096775,0.5535091222100768,0.8,0.8321300518610785,False
104566,L68,1,1.0,0.1395478043732104,0.24193548387096775,0.5901774403139872,1.0,0.8547294577568605,False
104566,L68,1,1.0,0.1210594423286979,0.24193548387096775,0.5884827469922679,1.0,0.856595420948282,False
75627,L68,1,1.0,0.08780917699525842,0.27419354838709675,0.6012763936227569,0.2,0.7764067516682884,False
75627,L68,1,0.0,0.04774323310439719,0.27419354838709675,0.6005356301530687,0.0,0.20299843838175202,False
75627,L68,1,0.0,0.06071739035880525,0.27419354838709675,0.6127412077258187,0.0,0.20291304063934557,False
75627,L68,1,0.0,0.0800640625772013,0.27419354838709675,0.5974902422665396,0.7,0.27684663645293717,False
137833,L68,1,0.0,0.113324990670741,0.25806451612903225,0.5974853190786779,0.0,0.19358053828188546,False
137833,L68,1,0.0,0.08766064219083669,0.25806451612903225,0.6052466091015849,0.0,0.19729449811553115,False
137833,L68,1,0.0,0.119983719077787,0.25806451612903225,0.5983624632463254,0.0,0.1929381400330634,False
137833,L68,1,1.0,0.14771107126434416,0.25806451612903225,0.5382583464424058,1.0,0.849845754589677,False
6687,L68,1,1.0,0.13242395814592117,0.3064516129032258,0.5590442912127368,1.0,0.8592302162188935,False
6687,L68,1,1.0,0.11924784166326895,0.2903225806451613,0.5794680247726678,1.0,0.8611714181949511,False
6687,L68,1,1.0,0.14320836500793382,0.2903225806451613,0.5691210620325234,1.0,0.8573594752966389,False
6687,L68,1,1.0,0.1038620512085048,0.3064516129032258,0.5738701519342027,1.0,0.8640510792921027,False
121139,L68,1,1.0,0.15585857888028873,0.3387096774193548,0.5632093965569545,1.0,0.8606733883440023,False
121139,L68,1,1.0,0.129637508968526,0.3387096774193548,0.5672436395386287,1.0,0.8640350897766065,False
121139,L68,1,1.0,0.14075297836411146,0.3387096774193548,0.5269640728596442,1.0,0.8583245302127653,False
121139,L68,1,1.0,0.10208751053773386,0.3225806451612903,0.5864528454392903,1.0,0.8674384422292052,False
116735,L68,1,0.0,0.06471036672071878,0.27419354838709675,0.6101064684629659,0.0,0.20217662779214932,False
116735,L68,1,0.0,0.12243633172325033,0.27419354838709675,0.5991289118067378,0.0,0.19454290316339823,False
116735,L68,1,1.0,0.08221391265549657,0.27419354838709675,0.6102775314868535,1.0,0.8669174630242726,False
116735,L68,1,0.0,0.08121626183197633,0.27419354838709675,0.6015296511871664,0.2,0.2216118819713652,False
141486,L68,1,1.0,0.1608192907951356,0.27419354838709675,0.4483795277462841,1.0,0.8401948650375828,False
141486,L68,1,1.0,0.13768756799722942,0.25806451612903225,0.4950616296615336,1.0,0.8461598419770373,False
141486,L68,1,1.0,0.15036593952094196,0.24193548387096775,0.5299461358446396,1.0,0.8468350755771851,False
141486,L68,1,1.0,0.13608793254463056,0.27419354838709675,0.511551920123076,0.9,0.8388508373295047,False
111044,L68,1,0.0,0.10876506332093656,0.3387096774193548,0.5628336073950366,0.0,0.19919758016593944,False
111044,L68,1,0.0,0.13497771098431247,0.3064516129032258,0.588476660617171,0.0,0.19555006250400936,False
111044,L68,1,0.0,0.16629764830460417,0.2903225806451613,0.5345952412267896,0.0,0.18429113039637185,False
111044,L68,1,1.0,0.25501934385451314,0.3064516129032258,0.41142476403327155,0.9,0.8180952258979982,False
129803,G46,1,1.0,0.14908576207059956,0.20967741935483872,0.55707978372443,1.0,0.8464079378898521,False
129803,G46,1,1.0,0.1998633871688745,0.16129032258064516,0.4642612545194859,1.0,0.8250764655479174,False
67411,G47,1,0.0,0.053225563792091375,0.3548387096774194,0.565508842778172,0.0,0.2074579987403889,False
67411,G47,1,0.0,0.0563480271587855,0.3548387096774194,0.5838259222143354,0.2,0.23136851163699657,False
67411,G47,1,1.0,0.04488799745329517,0.3548387096774194,0.6042537260527991,1.0,0.8793560486974359,False
67411,G47,1,0.0,0.07051985259966892,0.3548387096774194,0.5957697018260211,0.0,0.2088987287670857,False
25516,L68,1,1.0,0.10449005763002152,0.3387096774193548,0.5933670383160576,0.6,0.8252874064561545,False
25516,L68,1,1.0,0.11473178041260178,0.3225806451612903,0.5835860751841258,1.0,0.8657149933258682,False
25516,L68,1,0.0,0.11169588738960425,0.3225806451612903,0.5702854870547344,0.0,0.19790780498071336,False
25516,L68,1,0.0,0.13185969260998298,0.3225806451612903,0.576675803841343,0.1,0.20748852848807228,False
42602,F42,1,1.0,0.004026684224777568,0.7580645161290323,0.558448564241617,0.9,0.9124984884606524,False
42602,F42,1,1.0,0.02811613786764231,0.3870967741935484,0.5790816576646405,1.0,0.8820069215545051,False
42602,F42,1,1.0,0.04383234414438286,0.3870967741935484,0.5826606911294817,1.0,0.8806583467976274,False
42602,F42,1,1.0,0.028264707196899205,0.3870967741935484,0.5800331226778657,1.0,0.8820961321860571,False
21259,L68,1,1.0,0.11157356399964975,0.45161290322580644,0.5794047870728224,1.0,0.8799382362554421,False
21259,L68,1,0.0,0.12531517221572072,0.45161290322580644,0.5749612904832645,0.0,0.21125100238815003,False
21259,L68,1,0.0,0.13926408705664287,0.45161290322580644,0.49093871553664764,0.1,0.2114763924117568,False
21259,L68,1,1.0,0.12104302367824965,0.41935483870967744,0.6022703332028931,1.0,0.8778424609149246,False
62150,G47,1,1.0,0.09498143304603612,0.3548387096774194,0.5182561281510005,1.0,0.8642348227535981,False
62150,G47,1,1.0,0.04988241192238504,0.3225806451612903,0.5994121338494587,1.0,0.8746789296764849,False
62150,G47,1,1.0,0.06763804665932213,0.3548387096774194,0.5596309979731872,1.0,0.8718701845545871,False
62150,G47,1,1.0,0.08994492512230404,0.3387096774193548,0.5330994451924478,1.0,0.8646515774988333,False
56319,G46,1,0.0,0.12457093476669802,0.3064516129032258,0.5446311772348247,0.1,0.20294576170792808,False
56319,G46,1,0.0,0.06713547079045427,0.2903225806451613,0.5760260053216557,0.0,0.1999125683529292,False
56319,G46,1,1.0,0.049249881427831224,0.2903225806451613,0.5942009784711861,1.0,0.8705859641876129,False
56319,G46,1,0.0,0.09858534868650891,0.2903225806451613,0.5741073725604073,0.0,0.1962049560576733,False
51029,G46,1,0.0,0.0694062076958864,0.3387096774193548,0.6133797315446834,0.0,0.20918702236312797,False
51029,G46,1,0.0,0.08899873397941291,0.3387096774193548,0.608363834923664,0.0,0.20645275315151176,False
51029,G46,1,0.0,0.0929953048844647,0.3387096774193548,0.6022838448191961,0.0,0.20533313526156513,False
51029,G46,1,0.0,0.09650611958802754,0.3387096774193548,0.5983947366986411,0.5,0.2600664771699965,False
132663,G46,1,1.0,0.07496165271725312,0.20967741935483872,0.5759622175341569,0.9,0.8456308871301936,False
132663,G46,1,1.0,0.09129924706256523,0.20967741935483872,0.5660950364476072,1.0,0.8538303565266534,False
132663,G46,1,1.0,0.1428464788739302,0.20967741935483872,0.4587554192375073,0.6,0.7917318177464906,False
132663,G46,1,0.0,0.11105869231185175,0.20967741935483872,0.5446437702103807,0.1,0.193695833028152,False
62995,G46,1,0.0,0.06891920260649285,0.3870967741935484,0.601397540343596,0.0,0.21328612354785015,False
62995,G46,1,1.0,0.09539789645130964,0.3548387096774194,0.5380653721484472,1.0,0.8663895761527285,False
62995,G46,1,0.0,0.08418818015447142,0.3548387096774194,0.5988742995835838,0.0,0.20772498101183687,False
62995,G46,1,1.0,0.10459872886242907,0.3548387096774194,0.5113422169062738,1.0,0.8623980219690294,False
146128,L68,1,0.0,0.13411751546346454,0.2903225806451613,0.5917884569019216,0.0,0.19422150245373537,False
146128,L68,1,1.0,0.1263065079520859,0.2903225806451613,0.6000901945438152,0.4,0.7960118074707656,False
146128,L68,1,1.0,0.1543978945422453,0.27419354838709675,0.5889512216816064,0.6,0.8120829861696064,False
146128,L68,1,1.0,0.14556318098531856,0.27419354838709675,0.5882340604556024,0.5,0.8018738253174867,False
83429,G46,1,0.0,0.10070918967702804,0.3064516129032258,0.5845443185392527,0.0,0.19892074908505006,False
83429,G46,1,0.0,0.12204804913176263,0.3064516129032258,0.5955485803189233,0.0,0.19777246045448738,False
83429,G46,1,0.0,0.12529765939469978,0.3064516129032258,0.5907832522970018,0.0,0.19688191175616976,False
83429,G46,1,0.0,0.1257725010000973,0.3064516129032258,0.5798185696893289,0.0,0.19561085351027307,False
117129,L68,1,1.0,0.10118494288149243,0.3870967741935484,0.5474602637945187,1.0,0.8703746772340639,False
117129,L68,1,1.0,0.12848766725909544,0.4032258064516129,0.49783023211414845,1.0,0.8636187079229629,False
117129,L68,1,1.0,0.10294602485758192,0.3870967741935484,0.5399056513877449,1.0,0.8693396000804123,False
117129,L68,1,1.0,0.07222230629442977,0.3548387096774194,0.5884920773440816,1.0,0.8745676089696746,False
127938,G47,1,0.0,0.04349447862731455,0.3548387096774194,0.5994350168842986,0.1,0.22341991643715595,False
127938,G47,1,0.0,0.055734279580171985,0.3548387096774194,0.5946105139063047,0.0,0.21041277155595023,False
127938,G47,1,1.0,0.044303835284346206,0.3548387096774194,0.6004114805356113,1.0,0.8789940394365205,False
127938,G47,1,1.0,0.05710254196527943,0.3548387096774194,0.5885321102310297,1.0,0.8762520308825743,False
80108,G46,1,1.0,0.14102487246471668,0.27419354838709675,0.517333146677408,1.0,0.850055758066643,False
80108,G46,1,1.0,0.16542494539628913,0.3064516129032258,0.5185624572381229,1.0,0.8510654583050067,False
80108,G46,1,1.0,0.2065760414683062,0.2903225806451613,0.41772245895281856,1.0,0.8334965553477415,False
80108,G46,1,1.0,0.1846999601837599,0.24193548387096775,0.4039979883286715,1.0,0.8290259457795421,False
72096,L68,1,0.0,0.11541103931669035,0.4032258064516129,0.5854684297044399,0.5,0.2636981329821514,False
122832,G46,1,1.0,0.10684604469932561,0.4032258064516129,0.5803467516701439,1.0,0.8751918348247146,False
122832,G46,1,1.0,0.1243244030915674,0.3709677419354839,0.5002679226249843,1.0,0.860767917940989,False
122832,G46,1,1.0,0.13181073374224261,0.3548387096774194,0.48176443948776415,0.9,0.8449769350469934,False
122832,G46,1,1.0,0.17879409898010298,0.3548387096774194,0.46903862980212746,1.0,0.849453693388827,False
120278,G46,1,1.0,0.07313611338094272,0.4032258064516129,0.6013169012752159,1.0,0.8812673993717651,False
120278,G46,1,1.0,0.08285009097887633,0.4032258064516129,0.5891813448912899,1.0,0.8788396733737807,False
120278,G46,1,1.0,0.055171380145467554,0.4032258064516129,0.5883773686709446,1.0,0.8818257549974544,False
120278,G46,1,1.0,0.08329245174618259,0.4032258064516129,0.5896295889168418,1.0,0.8788403270691414,False
43389,F42,1,1.0,0.1201175671146614,0.41935483870967744,0.5819330793523759,0.9,0.8645744834385991,False
43389,F42,1,1.0,0.14930388392707775,0.41935483870967744,0.5913068371879873,1.0,0.873484199107843,False
43389,F42,1,1.0,0.11484743234404644,0.41935483870967744,0.578107985688392,1.0,0.8758461546726691,False
43389,F42,1,1.0,0.1323914534677992,0.4032258064516129,0.5944746766487531,1.0,0.8739232255147296,False
56131,F42,1,1.0,0.06692772144033196,0.3548387096774194,0.5947511893088095,0.6,0.8314069086162106,False
56131,F42,1,1.0,0.0746317681812838,0.3548387096774194,0.5890397188209655,0.7,0.8410274067019001,False
56131,F42,1,1.0,0.058777760668993075,0.3548387096774194,0.5980719640102135,0.6,0.8326814347798488,False
56131,F42,1,0.0,0.06418942149995051,0.3548387096774194,0.5930796527872693,0.1,0.22041432677385978,False
127238,F42,1,1.0,0.07300770810220204,0.3387096774193548,0.5700630092002313,1.0,0.8706405531685982,False
127238,F42,1,1.0,0.1404423286590705,0.3387096774193548,0.49553399644456564,0.9,0.8437557050227612,False
127238,F42,1,1.0,0.12579936180315857,0.3225806451612903,0.46945503235558284,1.0,0.8518040350793016,False
127238,F42,1,0.0,0.06033307520378615,0.3064516129032258,0.5940650534843551,0.0,0.2044648434648661,False
54836,L68,1,0.0,0.12301789732834756,0.25806451612903225,0.5743250834356308,0.5,0.24548574469292392,False
54836,L68,1,1.0,0.15019710280481327,0.25806451612903225,0.5786855317648603,1.0,0.8540614383432311,False
54836,L68,1,1.0,0.14654674048130814,0.25806451612903225,0.5066673009400602,0.5,0.7909094529541982,False
54836,L68,1,1.0,0.16241175346433956,0.25806451612903225,0.596375666840825,1.0,0.8546698255006131,False
142437,G46,1,1.0,0.1356729907518506,0.27419354838709675,0.49658000091145404,0.9,0.8372333953940778,False
78636,F42,1,0.0,0.2638702986061009,0.43548387096774194,0.3654988752273909,0.6,0.23745693862100353,False
78636,F42,1,1.0,0.24003015819419898,0.4032258064516129,0.3703746940350756,1.0,0.8370633713658322,False
78636,F42,1,0.0,0.2531480209958295,0.41935483870967744,0.4450225134712249,0.0,0.1790254812427859,False
78636,F42,1,1.0,0.2674458964653484,0.3709677419354839,0.4006279659019055,0.9,0.8226833123746712,False
98438,F42,1,1.0,0.049833566963603276,0.41935483870967744,0.5837674071996988,0.7,0.8503654087717525,False
98438,F42,1,0.0,0.030448437738311733,0.41935483870967744,0.6000957739754955,0.0,0.22100024166076235,False
98438,F42,1,1.0,0.05050552834512559,0.41935483870967744,0.5974154134825655,0.9,0.8740294137607908,False
98438,F42,1,1.0,0.054032063550351235,0.4032258064516129,0.593075707528586,0.8,0.8602521611588719,False
50787,G47,1,1.0,0.07210744050392612,0.43548387096774194,0.5838218092562597,0.9,0.8719109155244529,False
50787,G47,1,1.0,0.047552577853680715,0.41935483870967744,0.5871964582345484,0.8,0.8621109687878383,False
50787,G47,1,0.0,0.026492151939797492,0.41935483870967744,0.5971776626365686,0.2,0.2433378166007165,False
50787,G47,1,1.0,0.05234533800797432,0.41935483870967744,0.543036729542777,1.0,0.87889402558272,False
91450,G46,1,0.0,0.16138252086499566,0.3225806451612903,0.4880010003424647,0.7,0.26102212495986216,False
122809,G46,1,1.0,0.03681369976123678,0.4032258064516129,0.5869506824139027,0.7,0.8503736432338088,False
122809,G46,1,1.0,0.06019839968597808,0.4032258064516129,0.5919713380090534,1.0,0.8816665271971876,False
122809,G46,1,1.0,0.06829394306408945,0.4032258064516129,0.5559728652933387,0.6,0.8323227476312068,False
122809,G46,1,1.0,0.057477068704907305,0.4032258064516129,0.5860715975046105,1.0,0.8813133705834796,False
115231,G46,1,1.0,0.21055077812782955,0.3387096774193548,0.40890245109940127,1.0,0.8374512611545474,False
116844,G47,1,1.0,0.03825993333103233,0.4032258064516129,0.6038374221462891,1.0,0.8854225883629856,False
116844,G47,1,1.0,0.04514498751760319,0.4032258064516129,0.5982196075097375,0.8,0.8618111584937496,False
116844,G47,1,1.0,0.052076188665475066,0.4032258064516129,0.5979216986591027,0.6,0.8387857018272489,False
116844,G47,1,1.0,0.061538126972530686,0.4032258064516129,0.5951229627238873,0.9,0.8707567380225522,False
17466,G46,1,0.0,0.05503785862736157,0.4032258064516129,0.5935139601587628,0.0,0.21574465644255714,False
17466,G46,1,0.0,0.052395993696925804,0.4032258064516129,0.6046694745336167,0.0,0.21727769858758933,False
17466,G46,1,0.0,0.056012182018078706,0.4032258064516129,0.6009515296227905,0.0,0.2164627948951472,False
17466,G46,1,0.0,0.059862610321689456,0.41935483870967744,0.6018583941447777,0.0,0.2179278469480851,False
91131,G46,1,0.0,0.05264953278014913,0.3709677419354839,0.6048236769686351,0.0,0.21368243179155222,False
91131,G46,1,0.0,0.059728398618357714,0.3709677419354839,0.6009174134920445,0.0,0.21246186186768565,False
91131,G46,1,0.0,0.06202392103490499,0.3709677419354839,0.5937903762120804,0.0,0.21141491079029548,False
91131,G46,1,0.0,0.05873373181890037,0.3709677419354839,0.6017491592546509,0.0,0.21266479659680382,False
99108,G46,1,0.0,0.06415614238161677,0.3709677419354839,0.6012788842569774,0.0,0.21201005375676052,False
99108,G46,1,0.0,0.06839385809353767,0.3709677419354839,0.6052108087455919,0.0,0.21197607695417087,False
99108,G46,1,0.0,0.062454097841559655,0.3709677419354839,0.6013089001733729,0.1,0.22331361602969968,False
99108,G46,1,0.0,0.06546833977128497,0.3709677419354839,0.594189808482843,0.0,0.21107657896078244,False
112899,G47,1,1.0,0.032438094104135236,0.3548387096774194,0.6136185573328743,0.9,0.8706687969895732,False
112899,G47,1,0.0,0.048770165129096446,0.3548387096774194,0.6135150031387782,0.0,0.21328706085412233,False
112899,G47,1,1.0,0.03413531106008677,0.3548387096774194,0.6033287522069034,1.0,0.8804480167582484,False
112899,G47,1,0.0,0.04847779158022526,0.3548387096774194,0.6149050604165421,0.0,0.21347399761263736,False
116328,F42,1,0.0,0.00505452539912478,0.8064516129032258,0.6026599964743826,0.1,0.27822856488649816,False
116328,F42,1,1.0,0.053801126668396634,0.41935483870967744,0.5885810493430752,1.0,0.8837927512649284,False
116328,F42,1,0.0,0.04399003430806494,0.41935483870967744,0.604694792955804,0.3,0.25333995526193515,False
116328,F42,1,1.0,0.036425289934456415,0.43548387096774194,0.6110018087367111,1.0,0.8900067099744441,False
31079,G46,1,0.0,0.018886025857862525,0.3709677419354839,0.552713254612117,0.6,0.2783105522988598,False
31079,G46,1,1.0,0.024077437586731497,0.3709677419354839,0.5701771575974277,1.0,0.8796741624384645,False
31079,G46,1,1.0,0.023691417120133007,0.3709677419354839,0.5689868351446064,0.9,0.8684736844399953,False
31079,G46,1,1.0,0.027675510201863537,0.3709677419354839,0.5816427796304714,0.8,0.858326112373788,False
5379,G46,1,0.0,0.038428544007518564,0.43548387096774194,0.5892073328051786,0.0,0.22069585108504464,False
5379,G46,1,0.0,0.058498903836341765,0.43548387096774194,0.5981978487244943,0.0,0.21946475731732162,False
5379,G46,1,0.0,0.05798819347903507,0.43548387096774194,0.5910229892994157,0.1,0.2298354074209025,False
5379,G46,1,0.0,0.07176759529341427,0.43548387096774194,0.5989217797120547,0.0,0.2180708950429314,False
134378,G47,1,1.0,0.004990068229172603,0.7419354838709677,0.6068856530093738,1.0,0.927092340961241,False
134378,G47,1,1.0,0.026663950660533283,0.3870967741935484,0.5953649831865682,1.0,0.8839775340799536,False
134378,G47,1,1.0,0.02423427334904804,0.3709677419354839,0.6094053339413275,1.0,0.8840154225030848,False
134378,G47,1,1.0,0.03452210563576026,0.3709677419354839,0.6110307754957476,1.0,0.8830529346439412,False
74009,G46,1,1.0,0.003928206923548392,0.7741935483870968,0.6107288673432008,1.0,0.9312215787563054,False
74009,G46,1,1.0,0.08198813613747666,0.43548387096774194,0.5434152529529037,0.4,0.8107678875314632,False
74009,G46,1,0.0,0.04610722797494903,0.4032258064516129,0.5851400467878196,0.3,0.24913984725160926,False
132154,G46,1,1.0,0.004635568813582817,0.7903225806451613,0.6019910987588584,1.0,0.9319642345100484,False
132154,G46,1,1.0,0.1028021629953229,0.6612903225806451,0.46627914391615227,1.0,0.8916408115001637,False
132154,G46,1,1.0,0.10815274547684488,0.5645161290322581,0.481126236086447,1.0,0.8819432910713177,False
132154,G46,1,1.0,0.09068429896593252,0.5806451612903226,0.5183879479194724,1.0,0.8898165344715403,False
47927,F42,1,1.0,0.04517115217882776,0.43548387096774194,0.6045440613662905,1.0,0.888317420017245,False
47927,F42,1,1.0,0.033435355216387457,0.43548387096774194,0.5878443604642052,0.6,0.8433214306906177,False
47927,F42,1,1.0,0.03605895359753096,0.43548387096774194,0.601082092650165,0.8,0.8667230011133751,False
47927,F42,1,1.0,0.04656210925518689,0.43548387096774194,0.60768033667572,0.8,0.8662891220431416,False
14826,G46,1,0.0,0.10700622289781855,0.3387096774193548,0.48077055373782684,0.0,0.1902748898065959,False
37861,G46,1,1.0,0.12477212829787268,0.3064516129032258,0.4167850031608763,1.0,0.8442738319740255,False
79713,G47,1,0.0,0.08194792881220524,0.3064516129032258,0.5950741825203372,0.0,0.20217531851237308,False
79713,G47,1,1.0,0.09626383639443513,0.3387096774193548,0.5242883268068275,0.7,0.829637129759083,False
79713,G47,1,1.0,0.09117553494051786,0.2903225806451613,0.5425002497429774,0.6,0.8157385883830689,False
79713,G47,1,1.0,0.1572421349908554,0.3064516129032258,0.4767852489377149,0.8,0.8251105252055652,False
15754,G46,1,0.0,0.04906828520496238,0.3870967741935484,0.5936732967177905,0.0,0.21463353174515296,False
15754,G46,1,0.0,0.05305189058067048,0.3870967741935484,0.6005316128340118,0.1,0.22606405516076553,False
15754,G46,1,0.0,0.06710486562728725,0.3870967741935484,0.5881177045134953,0.0,0.21201217923108406,False
15754,G46,1,0.0,0.049391504576343816,0.3870967741935484,0.59339674536779,0.0,0.2145668905538883,False
134047,G46,1,0.0,0.05296961427155006,0.3548387096774194,0.6002670478275767,0.0,0.2113484603592718,False
134047,G46,1,0.0,0.05917002559592929,0.3548387096774194,0.6002965520902523,0.0,0.2106628040190825,False
134047,G46,1,0.0,0.06834833303085279,0.3548387096774194,0.6022671156704897,0.1,0.22097305470189516,False
134047,G46,1,0.0,0.0782929819699277,0.3548387096774194,0.6067009948923652,0.0,0.20924963584442854,False
97978,G47,1,0.0,0.11710097797610063,0.3870967741935484,0.5308453070744192,0.0,0.20009345592131855,False
97978,G47,1,0.0,0.09692399149619005,0.3709677419354839,0.5520969488961354,0.7,0.28068229992615884,False
97978,G47,1,0.0,0.13699261230481408,0.3225806451612903,0.5414203505099554,0.0,0.19188982037404795,False
97978,G47,1,0.0,0.09106273974616201,0.3225806451612903,0.5640718244395089,0.3,0.2328433033171819,False
58332,G46,1,1.0,0.04509532679521274,0.3709677419354839,0.6098226157044059,1.0,0.8817438923160752,False
58332,G46,1,1.0,0.050769474289187995,0.3870967741935484,0.604348826869775,1.0,0.8822973474193483,False
58332,G46,1,1.0,0.06322106874159392,0.3709677419354839,0.6122043208033785,1.0,0.8799945548885854,False
58332,G46,1,1.0,0.08261730841700524,0.3709677419354839,0.6109762717917133,1.0,0.8777029672566881,False
22683,F42,1,1.0,0.0073527393421754,0.7419354838709677,0.6047684751057039,1.0,0.9265945799593887,False
22683,F42,1,1.0,0.0538659889629099,0.3548387096774194,0.6079210459007784,1.0,0.8787659740683653,False
22683,F42,1,1.0,0.0569157216343521,0.3709677419354839,0.578379397551229,1.0,0.8769368242058179,False
22683,F42,1,1.0,0.039692347810022,0.3387096774193548,0.6079746478693843,1.0,0.878554664164302,False
60302,G46,1,0.0,0.05425658576973458,0.3870967741935484,0.6070221605762673,0.7,0.2933180387777868,False
60302,G46,1,1.0,0.09133399389413388,0.3870967741935484,0.5782917340645102,1.0,0.874894946040436,False
60302,G46,1,0.0,0.06428910362363736,0.3709677419354839,0.6113680481731454,0.6,0.2797829651649991,False
60302,G46,1,1.0,0.06738877644240857,0.3709677419354839,0.6095769235408719,1.0,0.8792395432259942,False
94917,F42,1,1.0,0.13231320592242513,0.25806451612903225,0.49739123981941247,1.0,0.84701583889178,False
94917,F42,1,1.0,0.12903350296020683,0.2903225806451613,0.5404371306713067,1.0,0.855747356484029,False
94917,F42,1,1.0,0.16953287346225304,0.27419354838709675,0.47094704948465754,1.0,0.8417341916010558,False
94917,F42,1,1.0,0.11294690920884518,0.25806451612903225,0.5558656177737402,1.0,0.8556648027437697,False
141220,F42,1,0.0,0.05619506927141344,0.3709677419354839,0.603122049457434,0.0,0.21309941356905604,False
141220,F42,1,0.0,0.055503875126917526,0.3709677419354839,0.5902351379191901,0.0,0.2117443338586396,False
141220,F42,1,0.0,0.0679974411257142,0.3709677419354839,0.5940990296913664,0.3,0.24411881450012624,False
141220,F42,1,0.0,0.07222331676346716,0.3709677419354839,0.6020196334769918,0.0,0.2111960065165565,False
94264,G46,1,0.0,0.004613676996997217,0.7580645161290323,0.6019973474853432,0.0,0.26171646517970865,False
94264,G46,1,1.0,0.040990400678996224,0.3870967741935484,0.5900343340356603,0.8,0.8595711897278013,False
94264,G46,1,0.0,0.06144926458124344,0.3870967741935484,0.5866996147100287,0.2,0.23470523603581483,False
94264,G46,1,1.0,0.04663128701834786,0.3870967741935484,0.5960325453307745,0.4,0.8151664480562194,False
115232,F42,1,0.0,0.04688816844650504,0.41935483870967744,0.5921442042308339,0.0,0.21829009716600073,False
115232,F42,1,1.0,0.04749211272764005,0.41935483870967744,0.6007832432386206,1.0,0.8858495521356287,False
115232,F42,1,1.0,0.03235524465490386,0.41935483870967744,0.6044471325142009,0.7,0.8546051918409971,False
115232,F42,1,0.0,0.0625483122814811,0.41935483870967744,0.5860322319234409,0.5,0.27142652870573747,False
88196,G47,1,1.0,0.10504130536342594,0.3870967741935484,0.5232921301194302,1.0,0.8672608443277281,False
88196,G47,1,1.0,0.14346628423689778,0.3870967741935484,0.45973683778859914,1.0,0.8559297030828055,False
88196,G47,1,1.0,0.14499603577964382,0.3548387096774194,0.4919269176071923,1.0,0.8557521768338853,False
88196,G47,1,1.0,0.09295769190729578,0.3870967741935484,0.5332835684594213,1.0,0.8697136278606303,False
76096,G46,1,1.0,0.05365401583968598,0.43548387096774194,0.5986037351234847,0.7,0.8533815100279489,False
76096,G46,1,1.0,0.05251369525861115,0.43548387096774194,0.5890712031724131,0.5,0.8302268198757271,False
76096,G46,1,1.0,0.04596924188886579,0.43548387096774194,0.5934506527587821,0.6,0.842551697981962,False
76096,G46,1,1.0,0.06226995577188098,0.43548387096774194,0.5982522383041565,0.6,0.8412740170555575,False
72133,G47,1,1.0,0.09083519622890134,0.3709677419354839,0.6151888321088015,0.5,0.8217023753128204,False
72133,G47,1,1.0,0.09149257280062305,0.3709677419354839,0.6114797716206379,1.0,0.8767727711950554,False
72133,G47,1,1.0,0.10651685497146895,0.3709677419354839,0.6139230702859528,1.0,0.8753748841388853,False
72133,G47,1,1.0,0.1262491217518484,0.3709677419354839,0.6070605209970831,1.0,0.8724199045756355,False
123114,G47,1,0.0,0.08731770468398849,0.3709677419354839,0.5830575803877396,0.1,0.21852306862658166,False
123114,G47,1,1.0,0.052561114335849056,0.3709677419354839,0.5918195338811452,1.0,0.878914017942309,False
123114,G47,1,0.0,0.0619213113957967,0.2903225806451613,0.6097108356270714,0.0,0.204234678319604,False
123114,G47,1,1.0,0.07646511789760468,0.3225806451612903,0.5437393665325668,1.0,0.865539432644028,False
99397,F42,1,1.0,0.0030705186643775685,0.8064516129032258,0.5709580912759984,0.8,0.9082599095016497,False
99397,F42,1,0.0,0.04947199237192448,0.5967741935483871,0.519043742224971,0.3,0.2629273270446037,False
99397,F42,1,0.0,0.031341771891854206,0.41935483870967744,0.5766879555466334,0.3,0.25163344692938405,False
99397,F42,1,1.0,0.06232594496920499,0.41935483870967744,0.593073062297643,1.0,0.8833446617820129,False
48377,G46,1,1.0,0.00598902869441511,0.7580645161290323,0.5956360224063806,1.0,0.9275235010934443,False
48377,G46,1,1.0,0.03852417818896386,0.3870967741935484,0.6043927538694485,1.0,0.8836628166526703,False
48377,G46,1,1.0,0.029296596459632056,0.3870967741935484,0.6075011168449875,1.0,0.8850334771754338,False
48377,G46,1,1.0,0.05021726747318564,0.3870967741935484,0.6074336654621497,1.0,0.8827014635758347,False
19395,F42,1,0.0,0.10986286283770412,0.3225806451612903,0.4733605831761059,0.3,0.22067537394441022,False
36893,G47,1,0.0,0.043523205091077176,0.4032258064516129,0.571024281674509,0.0,0.21452520922611606,False
36893,G47,1,0.0,0.06107885408543967,0.4032258064516129,0.5657817187120728,0.2,0.2342142967864718,False
36893,G47,1,0.0,0.05864194318383516,0.4032258064516129,0.5533180339220493,0.3,0.24421132190998074,False
36893,G47,1,0.0,0.08438612246075146,0.4032258064516129,0.562939516676578,0.0,0.2090865778519377,False
64419,G46,1,0.0,0.06505268620126643,0.3709677419354839,0.5970481001016059,0.0,0.2114403506484248,False
64419,G46,1,1.0,0.16011612678069123,0.3548387096774194,0.4646002746811159,1.0,0.8510358730642049,False
99781,F42,1,0.0,0.06320494119996876,0.3387096774193548,0.5736504482312175,0.0,0.20546168716117819,False
99781,F42,1,1.0,0.08855856835672238,0.3225806451612903,0.537161482086247,1.0,0.8634648398767572,False
99781,F42,1,1.0,0.08036937194912383,0.3387096774193548,0.5559007972250851,0.8,0.8460267891883685,False
99781,F42,1,0.0,0.21200139459797607,0.27419354838709675,0.4155404787842619,0.0,0.16419251473037585,False
32567,L68,1,1.0,0.0015176244506490077,0.8387096774193549,0.518632526234093,1.0,0.9284249532447555,False
32567,L68,1,1.0,0.06318443828584255,0.43548387096774194,0.5380774418153327,1.0,0.8789307638330257,False
32567,L68,1,1.0,0.03514865796113687,0.45161290322580644,0.5587626034301671,1.0,0.8861363165216485,False
32567,L68,1,1.0,0.06838794088600107,0.45161290322580644,0.5725498504814186,1.0,0.8839749792023581,False
7601,G46,1,1.0,0.034688235262651725,0.3709677419354839,0.6008836783783738,1.0,0.881907020561245,False
7601,G46,1,0.0,0.02964063129074478,0.3709677419354839,0.5857797607610691,0.2,0.2363452079339787,False
7601,G46,1,0.0,0.048734500487130385,0.3709677419354839,0.6021917264124534,0.5,0.2693805519845341,False
7601,G46,1,0.0,0.04686402006416102,0.3709677419354839,0.607634994577674,0.0,0.21463763516099965,False
145876,G47,1,1.0,0.06450329678137413,0.3548387096774194,0.583248809682452,1.0,0.8748426913976108,False
145876,G47,1,0.0,0.062341156608493514,0.41935483870967744,0.5885962256524726,0.2,0.2384011008615174,False
145876,G47,1,0.0,0.1762349214562003,0.3548387096774194,0.41462180014827854,0.0,0.17702506537438867,False
145876,G47,1,0.0,0.20255247145574923,0.3387096774193548,0.3753574622892437,0.0,0.1679460742503166,False
107750,G46,1,1.0,0.004374468577066749,0.7580645161290323,0.5858882253898929,1.0,0.9266198081046508,False
107750,G46,1,1.0,0.0387797375043613,0.3709677419354839,0.5902763719101413,1.0,0.8802738195934737,False
107750,G46,1,1.0,0.037336680091169326,0.3709677419354839,0.5859128774962731,1.0,0.8799493265933988,False
107750,G46,1,1.0,0.06755545111071191,0.3709677419354839,0.5907110883472488,0.8,0.85490259768578,False
116866,G47,1,0.0,0.06022249840101497,0.41935483870967744,0.5787061272915124,0.0,0.2153153852889083,False
116866,G47,1,1.0,0.04846796408957078,0.4032258064516129,0.5999527320993299,0.8,0.8616345082734858,False
116866,G47,1,1.0,0.0679683338454206,0.4032258064516129,0.5841511544315793,0.9,0.8688231807819746,False
116866,G47,1,0.0,0.05763469593510325,0.3870967741935484,0.5648377776733974,0.0,0.21047776177020472,False
145131,G47,1,1.0,0.17002241470248214,0.3387096774193548,0.4860574076883032,1.0,0.850527185600575,False
145131,G47,1,1.0,0.176986211807007,0.3709677419354839,0.49931060029848784,1.0,0.8548102367141072,False
145131,G47,1,1.0,0.16935998485057274,0.3548387096774194,0.46746922037245503,1.0,0.8503275494665891,False
145131,G47,1,1.0,0.1351743660982603,0.3548387096774194,0.5872512379841037,1.0,0.8674350646181402,False
17301,F42,1,0.0,0.061962553168519244,0.3870967741935484,0.5913898440462941,0.0,0.21294711834125815,False
17301,F42,1,1.0,0.06246627991266469,0.3870967741935484,0.60832877236582,0.8,0.8592176962940781,False
17301,F42,1,1.0,0.07413788687001967,0.3709677419354839,0.6013447866384314,1.0,0.8775749601893218,False
17301,F42,1,1.0,0.061806737954346824,0.3870967741935484,0.6076023978846627,0.7,0.848099159347096,False
1270,G47,1,1.0,0.03325709888638384,0.3870967741935484,0.6132963634120614,1.0,0.8852373376354694,False
1270,G47,1,1.0,0.049359617142596665,0.3870967741935484,0.6013351176748826,0.9,0.8710080305250928,False
1270,G47,1,1.0,0.046384872806483325,0.3870967741935484,0.5923669790463216,1.0,0.8814532089370429,False
1270,G47,1,1.0,0.054658650820073894,0.3870967741935484,0.5944660961428496,0.8,0.8585449132795915,False
34756,L68,1,1.0,0.09888799268729963,0.4032258064516129,0.5296399344147501,1.0,0.8704419720198959,False
34756,L68,1,0.0,0.17536035058030047,0.3709677419354839,0.45087867119898684,0.2,0.20516511806157445,False
34756,L68,1,1.0,0.1889467422495648,0.3548387096774194,0.4042438308379678,1.0,0.8411261998073135,False
34756,L68,1,1.0,0.13312925514662302,0.3225806451612903,0.47946467452090474,1.0,0.8521017849483968,False
17189,L68,1,1.0,0.0019263268066936263,0.7903225806451613,0.5554388417972984,1.0,0.9270927884039738,False
17189,L68,1,1.0,0.09899813335307663,0.5,0.5364127680173092,1.0,0.881934959407137,False
17189,L68,1,1.0,0.05395125043839716,0.4032258064516129,0.591978261809422,1.0,0.8823614242025154,False
17189,L68,1,1.0,0.04972680652665424,0.41935483870967744,0.5732661146294502,1.0,0.8825437940902748,False
39977,G47,1,1.0,0.005671385191933657,0.7419354838709677,0.5936352087018821,1.0,0.9255443674867685,False
39977,G47,1,1.0,0.02672050735030527,0.3709677419354839,0.5966317858005277,1.0,0.8823198911539674,False
39977,G47,1,1.0,0.04107438692144152,0.3709677419354839,0.5950172536986312,1.0,0.880545623190297,False
39977,G47,1,1.0,0.03601633278832,0.3709677419354839,0.6005310184463349,1.0,0.8817202697326111,False
95331,G46,1,1.0,0.005244716802613883,0.7419354838709677,0.5567738741323762,0.9,0.9103849601334145,False
95331,G46,1,1.0,0.033262803418521815,0.3709677419354839,0.5526992690864796,1.0,0.8767115786226047,False
95331,G46,1,1.0,0.03518496446676498,0.3709677419354839,0.5573660720007158,1.0,0.8770165388299371,False
95331,G46,1,0.0,0.03913284217158311,0.3709677419354839,0.5599208528350845,0.3,0.24352841695544283,False
62989,G47,1,1.0,0.07597469334593075,0.3709677419354839,0.6041797707460054,1.0,0.877685868815062,False
62989,G47,1,1.0,0.08538632409308937,0.3870967741935484,0.5991901485200102,1.0,0.8778778442911632,False
62989,G47,1,1.0,0.09402040130609378,0.3870967741935484,0.6041807902373928,1.0,0.877473018124983,False
62989,G47,1,1.0,0.05470441195266354,0.3709677419354839,0.6076847485059946,0.8,0.8582164531654239,False
140790,G46,1,0.0,0.10480382023874858,0.3870967741935484,0.5811868200778411,0.0,0.207053308225849,False
140790,G46,1,0.0,0.10823702080335894,0.27419354838709675,0.5644048009057365,0.0,0.19226236983216383,False
140790,G46,1,0.0,0.15761934247024356,0.3064516129032258,0.4760315860345476,0.0,0.1805404284963922,False
13579,G46,1,1.0,0.0038747715954433734,0.8225806451612904,0.5830369282700985,1.0,0.9335269779817718,False
13579,G46,1,1.0,0.03705126117152851,0.43548387096774194,0.5894410012869313,1.0,0.8875415123425716,False
13579,G46,1,1.0,0.0611148804406089,0.45161290322580644,0.5868421096106977,1.0,0.8863711258217661,False
13579,G46,1,1.0,0.07157510674848608,0.45161290322580644,0.5755919745460353,1.0,0.8839588634470394,False
6642,F42,1,1.0,0.046458966728980824,0.3709677419354839,0.5617901908296604,0.9,0.8651443295595738,False
6642,F42,1,1.0,0.04227915042184461,0.3870967741935484,0.576529211895879,0.9,0.8690385372963981,False
6642,F42,1,1.0,0.04549876039059084,0.3870967741935484,0.5858722058763768,0.8,0.8586078021865926,False
6642,F42,1,1.0,0.03900593340164984,0.3870967741935484,0.5698909965802922,0.8,0.8575535374857989,False
45143,F42,1,1.0,0.004839380742260967,0.7741935483870968,0.5889782085049237,0.5,0.8731480417944177,False
45143,F42,1,0.0,0.055094629746976057,0.532258064516129,0.5269175180655142,0.3,0.25600899475940747,False
45143,F42,1,1.0,0.08870785535489746,0.5161290322580645,0.5311842254685457,1.0,0.8842894891524125,False
45143,F42,1,0.0,0.0816798263997061,0.532258064516129,0.4824482362739461,0.1,0.2258918304878188,False
93970,G46,1,0.0,0.08682616906130589,0.3387096774193548,0.5852921298137201,0.0,0.2041306264635299,False
93970,G46,1,0.0,0.11747807907387803,0.3548387096774194,0.4984440738735775,0.4,0.23731163383079096,False
93970,G46,1,1.0,0.05937126755961954,0.3225806451612903,0.5971551185447429,0.9,0.862262721794046,False
93970,G46,1,0.0,0.18760552654105692,0.3225806451612903,0.40450594979336574,0.0,0.17105345204595546,False
136808,G46,1,1.0,0.005011804207196837,0.7580645161290323,0.5814117413256361,1.0,0.9260516059163858,False
136808,G46,1,1.0,0.03478801875445161,0.3870967741935484,0.5657239521809159,1.0,0.8797814119577791,False
136808,G46,1,1.0,0.03891703647460778,0.3870967741935484,0.5893570676042226,1.0,0.8819485339247959,False
136808,G46,1,1.0,0.027169720341354266,0.3870967741935484,0.5847723065028199,1.0,0.8827443733727792,False
130855,F42,1,0.0,0.06614186132417307,0.3387096774193548,0.591076758934452,0.0,0.20707161944773705,False
130855,F42,1,1.0,0.21222881107511052,0.3387096774193548,0.3998718358613983,0.5,0.7807058558006269,False
93164,G47,1,1.0,0.07007981627240586,0.4032258064516129,0.42984630249828437,1.0,0.8625546991863879,False
93164,G47,1,1.0,0.110063816024731,0.3709677419354839,0.4060155861691829,1.0,0.8518799457866595,False
93164,G47,1,1.0,0.08723769225030274,0.3548387096774194,0.46932677759362534,1.0,0.8596586438911936,False
93164,G47,1,1.0,0.13338772892196665,0.3548387096774194,0.46217660874377847,1.0,0.8537363988332478,False
6658,F42,1,1.0,0.0361690636484327,0.4838709677419355,0.5836182130830891,1.0,0.8923689019085101,False
6658,F42,1,1.0,0.06101908089666231,0.46774193548387094,0.5877095441236309,1.0,0.8882702665234266,False
6658,F42,1,1.0,0.03433622459314438,0.4838709677419355,0.6056334700515751,1.0,0.8950186903555962,False
6658,F42,1,1.0,0.06430556327755076,0.4838709677419355,0.5752323676885785,1.0,0.8883108635725514,False
114455,G46,1,0.0,0.03301729422147791,0.3709677419354839,0.6026801722046848,0.2,0.2378478466576323,False
114455,G46,1,0.0,0.043452370998061,0.3709677419354839,0.6050006827102498,0.4,0.25916845040529696,False
114455,G46,1,0.0,0.058148448037846856,0.3709677419354839,0.6050329565006765,0.6,0.2797613611553682,False
114455,G46,1,1.0,0.05940951476583888,0.3709677419354839,0.6012313113761579,1.0,0.8791988376162003,False
46685,G47,1,1.0,0.004098396784820658,0.7741935483870968,0.5625278520448714,1.0,0.9258470004052385,False
46685,G47,1,1.0,0.0843337743368809,0.5806451612903226,0.5198868737040787,1.0,0.8906886956286135,False
46685,G47,1,1.0,0.126594415791007,0.5483870967741935,0.4699870126596694,1.0,0.8768644104047617,False
46685,G47,1,0.0,0.09554050290649733,0.5645161290322581,0.4456531322980709,0.0,0.2127365287137591,False
37364,G46,1,0.0,0.050325348865186414,0.43548387096774194,0.6044421679635559,0.0,0.22106674334067905,False
37364,G46,1,0.0,0.05421673859731645,0.41935483870967744,0.600596580610081,0.0,0.2184149645247158,False
37364,G46,1,0.0,0.05269470258389201,0.4032258064516129,0.5695925162125022,0.0,0.21334706889780256,False
63608,G47,1,1.0,0.02740445991207931,0.45161290322580644,0.6017947623657265,1.0,0.8917781339643837,False
63608,G47,1,0.0,0.07158206213432626,0.46774193548387094,0.5659805035910697,0.0,0.21801559743784604,False
63608,G47,1,1.0,0.044898660215313725,0.45161290322580644,0.5870238116784235,1.0,0.8881931171876574,False
63608,G47,1,1.0,0.050016068301710064,0.45161290322580644,0.5863495588377028,1.0,0.8875495993068665,False
17204,G46,1,0.0,0.06611646397848778,0.3870967741935484,0.6055911127660725,0.0,0.21406349144234812,False
17204,G46,1,0.0,0.08212701586782303,0.3870967741935484,0.6017582353448269,0.0,0.21185866596339467,False
17204,G46,1,0.0,0.09233776677388686,0.3870967741935484,0.6003478064593436,0.0,0.2105674237643339,False
17204,G46,1,0.0,0.08877713274727776,0.3870967741935484,0.6067009948923652,0.0,0.21166895959318174,False
114628,G47,1,1.0,0.07393150491238026,0.4032258064516129,0.5958889350253747,1.0,0.8805759151738453,False
114628,G47,1,1.0,0.036060018943733126,0.4032258064516129,0.5875108297346124,0.5,0.8282974019158326,False
114628,G47,1,1.0,0.0824499313972883,0.4032258064516129,0.5890993262808819,0.9,0.8677639112594674,False
114628,G47,1,0.0,0.055889975606992014,0.4032258064516129,0.5468657478427764,0.0,0.21046684207637747,False
22074,G47,1,0.0,0.058410175229676675,0.4032258064516129,0.6020770175239631,0.0,0.21632140541621103,False
22074,G47,1,0.0,0.06746628467284778,0.4032258064516129,0.6046330834155349,0.0,0.2155991783549222,False
22074,G47,1,0.0,0.08614732839211191,0.4032258064516129,0.6044794073833301,0.0,0.2135064317158701,False
22074,G47,1,0.0,0.08403899848343731,0.4032258064516129,0.6007896080194411,0.0,0.21333071288751299,False
138125,G47,1,0.0,0.08189209427981092,0.41935483870967744,0.5997713521292235,0.0,0.21524823295101003,False
138125,G47,1,1.0,0.1294865336746601,0.4032258064516129,0.5634162133939471,0.6,0.8263506095745444,False
138125,G47,1,1.0,0.17656238899636803,0.3870967741935484,0.44387806084904213,0.5,0.794934716227358,False
41934,G46,1,0.0,0.0029779894165232806,0.8064516129032258,0.5808081973219412,0.0,0.26492020231207153,False
41934,G46,1,1.0,0.05875357131166437,0.6129032258064516,0.49621107889257265,1.0,0.894484525931929,False
41934,G46,1,1.0,0.09831723490268805,0.5967741935483871,0.4567714677751192,1.0,0.8839142696023131,False
41934,G46,1,1.0,0.11894079479611099,0.532258064516129,0.5373309656265575,1.0,0.8834053594829528,False
88901,F42,1,0.0,0.1111547452142012,0.41935483870967744,0.5849261967072881,0.0,0.21034736557808492,False
88901,F42,1,1.0,0.09966330110680267,0.41935483870967744,0.5955421924171279,0.6,0.8350259700022223,False
88901,F42,1,1.0,0.095203058593481,0.4032258064516129,0.6084973016054267,0.4,0.8129466721626177,False
88901,F42,1,0.0,0.1180384419096792,0.4032258064516129,0.6005648154426706,0.0,0.20952801999828935,False
30678,F42,1,0.0,0.061610773413871125,0.41935483870967744,0.5552734432916844,0.0,0.21255750095416565,False
131580,G46,1,1.0,0.03050609493402823,0.41935483870967744,0.5973534610549343,0.9,0.8762446894256204,False
131580,G46,1,1.0,0.03788119302333549,0.41935483870967744,0.6032492592999847,0.8,0.8649692116651474,False
131580,G46,1,1.0,0.04446031215021901,0.41935483870967744,0.601445116784669,0.9,0.8751488492604586,False
131580,G46,1,1.0,0.056068499921536265,0.41935483870967744,0.590560490574026,0.7,0.8504274254846852,False
123027,F42,1,0.0,0.06544798615859547,0.4032258064516129,0.5459290519435713,0.2,0.23152298580406544,False
123027,F42,1,1.0,0.037151429133772645,0.3870967741935484,0.5824323966838783,1.0,0.8813753046381838,False
123027,F42,1,1.0,0.06936382414807173,0.3870967741935484,0.5541986672810246,1.0,0.8746590685918334,False
123027,F42,1,1.0,0.03903251675063071,0.3870967741935484,0.5743356074851914,1.0,0.8802666516586788,False
143532,G47,1,1.0,0.0043434859468449325,0.7580645161290323,0.5904752052107474,1.0,0.9271329150436595,False
143532,G47,1,1.0,0.07980291782153104,0.5483870967741935,0.517346441005414,0.9,0.8762145133286752,False
143532,G47,1,1.0,0.08020713145658048,0.5,0.5630201155596974,1.0,0.8869792204559019,False
143532,G47,1,1.0,0.033009795832380055,0.3870967741935484,0.5931694278952162,1.0,0.8830284895840427,False
90043,G47,1,1.0,0.12411530554292123,0.45161290322580644,0.5285300111932989,1.0,0.8728919565417982,False
90043,G47,1,1.0,0.12584119416265013,0.41935483870967744,0.5537357805525273,1.0,0.8719166027888394,False
90043,G47,1,1.0,0.10437155232988313,0.41935483870967744,0.5537324776454106,0.9,0.8631906404472449,False
90043,G47,1,1.0,0.11102637142468384,0.41935483870967744,0.5960979872865264,0.9,0.8671584949523912,False
93204,G46,1,0.0,0.07934082600396163,0.41935483870967744,0.5619560701140884,0.0,0.21133000920220046,False
93204,G46,1,1.0,0.10701934325742452,0.4032258064516129,0.5544520102888333,1.0,0.872295385942558,False
93204,G46,1,1.0,0.07183129598469205,0.4032258064516129,0.5949036394071221,1.0,0.8806997944304492,False
93204,G46,1,1.0,0.0779511565519262,0.4032258064516129,0.5631744948057817,0.6,0.8320499049672743,False
79548,G46,1,0.0,0.05082360197168367,0.43548387096774194,0.5926925291035038,0.0,0.2197058664555069,False
79548,G46,1,0.0,0.06727196851804686,0.43548387096774194,0.6006217583189735,0.0,0.21875929564096316,False
79548,G46,1,0.0,0.06568871236963496,0.43548387096774194,0.6045313106686396,0.0,0.21936960769630517,False
79548,G46,1,0.0,0.07251978945683289,0.43548387096774194,0.5919430859074494,0.0,0.2172119074909287,False
99304,G47,1,1.0,0.16767943426014995,0.43548387096774194,0.5385882833912135,1.0,0.8673769688998673,False
99304,G47,1,1.0,0.1891873621313475,0.41935483870967744,0.5341653830202853,1.0,0.8627036510665128,False
99304,G47,1,1.0,0.18905771012623684,0.3870967741935484,0.48873322582335127,1.0,0.8540858099878513,False
45196,F42,1,1.0,0.003012051591553098,0.8225806451612904,0.5776203081285725,0.6,0.8885765446331454,False
45196,F42,1,1.0,0.0434606584076253,0.43548387096774194,0.5962638957830686,1.0,0.8875874564825762,False
45196,F42,1,1.0,0.019188985845195784,0.45161290322580644,0.580153309145884,1.0,0.8902863585029439,False
45196,F42,1,1.0,0.03834525746118219,0.41935483870967744,0.596292843700432,1.0,0.8863669361054363,False
89408,G47,1,1.0,0.10930031786140794,0.4032258064516129,0.5782998327521808,1.0,0.8746917023713762,False
89408,G47,1,0.0,0.08403447238920417,0.4032258064516129,0.5677261221105304,0.5,0.26521305068588213,False
89408,G47,1,1.0,0.0855117072328392,0.4032258064516129,0.5905530355507742,1.0,0.8786963483077277,False
89408,G47,1,0.0,0.1391570682037847,0.4032258064516129,0.5813066982562793,0.0,0.20504171516712305,False
15339,G47,1,1.0,0.05546251803715782,0.4032258064516129,0.5663221746873535,1.0,0.8793428292335344,False
15339,G47,1,0.0,0.05789611283081836,0.4032258064516129,0.5684280552882717,0.0,0.21263974987878514,False
15339,G47,1,1.0,0.0379169585372276,0.4032258064516129,0.5746069267551124,1.0,0.8822128638521664,False
15339,G47,1,1.0,0.057087512257489974,0.4032258064516129,0.5749109577767627,1.0,0.8801165835523207,False
11499,G46,1,0.0,0.050912922076944735,0.41935483870967744,0.5989913696900449,0.4,0.2630481429247531,False
11499,G46,1,0.0,0.0674254375390726,0.43548387096774194,0.5933542755416863,0.0,0.21793474544115063,False
11499,G46,1,0.0,0.056263079358086616,0.43548387096774194,0.5980847029881466,0.4,0.2641450549553113,False
11499,G46,1,0.0,0.05765206054351415,0.41935483870967744,0.5846546191708824,0.0,0.2162619330374495,False
131874,G46,1,1.0,0.041542062296042605,0.3870967741935484,0.5995897984012337,1.0,0.8827938344776377,False
131874,G46,1,1.0,0.03577270323330511,0.3870967741935484,0.5886067453912625,1.0,0.8822145351501673,False
131874,G46,1,0.0,0.04877051014642623,0.4032258064516129,0.5873581486372668,0.3,0.24909038277138373,False
131874,G46,1,1.0,0.05473278779388472,0.3870967741935484,0.5891066895240018,1.0,0.8801634084359627,False
49340,G46,1,1.0,0.12174647345126961,0.4032258064516129,0.5396289178368032,1.0,0.8690120278707941,False
49340,G46,1,1.0,0.10544716118536782,0.41935483870967744,0.5188524550326866,1.0,0.8703066813952218,False
49340,G46,1,1.0,0.17918298728008805,0.3870967741935484,0.4528216179170662,0.9,0.8400817116478363,False
49340,G46,1,0.0,0.18171846823889404,0.3870967741935484,0.4151197548416161,0.2,0.2022775623106967,False
36894,G46,1,0.0,0.06431025785646344,0.43548387096774194,0.6016593543260171,0.0,0.2192036630485884,False
36894,G46,1,0.0,0.04924868019698329,0.43548387096774194,0.605557364440398,0.0,0.22131028391235075,False
36894,G46,1,0.0,0.06005275578101303,0.43548387096774194,0.5925200956378818,0.0,0.21866124564717895,False
36894,G46,1,0.0,0.06443386713413649,0.43548387096774194,0.6024893427317308,0.0,0.2192821496183707,False
40442,G47,1,1.0,0.06836939838174619,0.41935483870967744,0.5544926904188574,0.7,0.8450531256385321,False
40442,G47,1,1.0,0.10201879717367408,0.41935483870967744,0.5357389760656197,1.0,0.8725638908446247,False
40442,G47,1,1.0,0.12455245161137324,0.41935483870967744,0.5259486252437541,1.0,0.868972334704673,False
40442,G47,1,0.0,0.09667516899929819,0.4032258064516129,0.5800582316660228,0.1,0.2207343187909264,False
77846,G47,1,1.0,0.04485916106156671,0.3870967741935484,0.572588641999099,1.0,0.8794251394590089,False
77846,G47,1,1.0,0.08601788942679614,0.3870967741935484,0.5925888488082403,1.0,0.8770741926194435,False
77846,G47,1,1.0,0.06333015969185485,0.3870967741935484,0.5816486415289779,1.0,0.8783794728922968,False
77846,G47,1,1.0,0.08136202294107674,0.3870967741935484,0.5701514011729627,0.8,0.8528762391583815,False
24603,G47,1,0.0,0.14322728845466035,0.3870967741935484,0.4550504812207603,0.0,0.18876888521773869,False
24603,G47,1,0.0,0.10133914695957721,0.4032258064516129,0.5344836902771746,0.4,0.24848559441880116,False
24603,G47,1,0.0,0.17529379439122697,0.3870967741935484,0.42229314205966684,0.0,0.18156623576244316,False
24603,G47,1,0.0,0.1282696728576303,0.4032258064516129,0.5256825581974854,0.0,0.20007096575460753,False
132694,G46,1,1.0,0.05741383633891205,0.43548387096774194,0.5611370832430078,1.0,0.8821341242079819,False
132694,G46,1,0.0,0.060199518988131154,0.43548387096774194,0.6025904466379545,0.2,0.24198608873528504,False
132694,G46,1,1.0,0.060576780370257335,0.41935483870967744,0.5914196992175793,1.0,0.8833553063952221,False
132694,G46,1,1.0,0.06301905083922547,0.41935483870967744,0.601893075027512,1.0,0.8842476514331071,False
83119,G47,1,1.0,0.028482871656724525,0.3870967741935484,0.5923889168386951,1.0,0.883444757708391,False
83119,G47,1,1.0,0.041209942952364596,0.3870967741935484,0.5958687882063731,1.0,0.8824172910497285,False
83119,G47,1,1.0,0.044407262183922956,0.3870967741935484,0.5908591786069355,0.9,0.8703942989573956,False
83119,G47,1,1.0,0.03939461447011076,0.3870967741935484,0.5962722967523264,1.0,0.8826638284973071,False
115265,F42,1,0.0,0.04998109176705071,0.3548387096774194,0.5747061030118739,0.0,0.20884041343580473,False
115265,F42,1,0.0,0.0519007307961162,0.3548387096774194,0.5837089187951465,0.0,0.20962743307516107,False
115265,F42,1,1.0,0.06354748320068572,0.3548387096774194,0.6046281130517015,1.0,0.877324371058715,False
115265,F42,1,0.0,0.0647707655282126,0.3709677419354839,0.5942059352853165,0.0,0.2111558790769542,False
9483,G47,1,0.0,0.050890915829044765,0.43548387096774194,0.5846476761812105,0.0,0.21880451459110084,False
9483,G47,1,1.0,0.08832070966770816,0.43548387096774194,0.6044467234735371,0.5,0.8279566538637302,False
9483,G47,1,0.0,0.07074458400907072,0.43548387096774194,0.5991763807173813,0.4,0.2626572964084503,False
9483,G47,1,1.0,0.0945040643781743,0.43548387096774194,0.5338459568374838,1.0,0.8749806403807834,False
83379,F42,1,1.0,0.05028165974522305,0.4032258064516129,0.5907098633439758,1.0,0.8826282233389295,False
83379,F42,1,1.0,0.06407187415751234,0.4032258064516129,0.6001286836029714,0.8,0.8599202906552301,False
83379,F42,1,1.0,0.06251651957913644,0.4032258064516129,0.5705552335156188,0.3,0.801251613376455,False
83379,F42,1,1.0,0.04122740074227892,0.4032258064516129,0.5958797621016888,1.0,0.8842086853123359,False
23715,G47,1,1.0,0.003234474303111406,0.8225806451612904,0.5704904613527817,0.9,0.9210929591345511,False
23715,G47,1,1.0,0.03528837522374786,0.43548387096774194,0.5754378129826683,1.0,0.8861814787474069,False
23715,G47,1,1.0,0.030853589433424658,0.45161290322580644,0.5721588075642616,0.9,0.8769909023729604,False
23715,G47,1,1.0,0.0597847166226264,0.43548387096774194,0.5906673596552106,1.0,0.8851518348889251,False
80301,G46,1,1.0,0.05280344115801884,0.43548387096774194,0.5821148591873393,0.3,0.8071994765552293,False
80301,G46,1,1.0,0.047869430944403074,0.43548387096774194,0.5853991862687695,0.5,0.8303348473657898,False
80301,G46,1,1.0,0.06636618464929205,0.41935483870967744,0.595908570674075,0.5,0.8276552471927178,False
80301,G46,1,0.0,0.07346721485478114,0.41935483870967744,0.5791840669493453,0.0,0.2138968545338046,False
100089,G46,1,1.0,0.065851124245025,0.3870967741935484,0.5994084441907481,0.9,0.8689615660154746,False
100089,G46,1,1.0,0.06625318911239204,0.3870967741935484,0.5960211632764673,1.0,0.8796516387064026,False
100089,G46,1,1.0,0.07222553897620398,0.3870967741935484,0.603701236648795,1.0,0.8798413857629044,False
100089,G46,1,1.0,0.06081853501908386,0.3870967741935484,0.596519381230908,1.0,0.880310846711708,False
147090,F42,1,1.0,0.039867928417512674,0.43548387096774194,0.5904670799505869,0.9,0.8762314469445351,False
147090,F42,1,1.0,0.06482453651375733,0.4032258064516129,0.5877478270805369,1.0,0.8806832330020435,False
147090,F42,1,1.0,0.08693595396883216,0.41935483870967744,0.6048622403455808,1.0,0.8819201250096028,False
147090,F42,1,1.0,0.056994964583318125,0.4032258064516129,0.6101399933486484,1.0,0.8840412039129938,False
88574,G46,1,1.0,0.030718532245439373,0.41935483870967744,0.5940350186114396,1.0,0.8869634805639641,False
88574,G46,1,1.0,0.05109254480092737,0.41935483870967744,0.5875376937574385,0.8,0.861755554185132,False
88574,G46,1,1.0,0.05437085521540504,0.41935483870967744,0.5955483038720786,1.0,0.8845035874851501,False
88574,G46,1,1.0,0.056550764578429794,0.41935483870967744,0.5941402875171339,0.7,0.8507715957387091,False
37187,G47,1,1.0,0.031340489352844156,0.41935483870967744,0.5881688602850328,1.0,0.8862425788490962,False
37187,G47,1,1.0,0.06598348112715474,0.41935483870967744,0.587135265341798,1.0,0.8822785136582578,False
37187,G47,1,1.0,0.07377335042117907,0.41935483870967744,0.578750355116655,1.0,0.8804813159339058,False
37187,G47,1,1.0,0.09543165492958708,0.4032258064516129,0.5533541992086644,1.0,0.8734609278589656,False
116655,G47,1,1.0,0.05729153587039412,0.41935483870967744,0.581399727301933,1.0,0.8826070033490239,False
116655,G47,1,1.0,0.05668855304225912,0.41935483870967744,0.5905027875351428,1.0,0.8836854525780623,False
116655,G47,1,1.0,0.07189552869454637,0.41935483870967744,0.5780462181973149,0.5,0.8250561698013829,False
116655,G47,1,1.0,0.0630575211624782,0.41935483870967744,0.5966076851727402,1.0,0.8836561114133266,False
92788,F42,1,0.0,0.05536663837671403,0.45161290322580644,0.6059474593590359,0.0,0.22246596935645868,False
92788,F42,1,1.0,0.08166127706999639,0.43548387096774194,0.583442417998397,0.9,0.8708072235440159,False
92788,F42,1,0.0,0.0796267462120012,0.43548387096774194,0.5910706611117535,0.0,0.2163253095408327,False
92788,F42,1,1.0,0.07103630369630749,0.41935483870967744,0.5656525494975553,1.0,0.8793301205012138,False
27754,G47,1,1.0,0.0389809037151634,0.4032258064516129,0.5659768231891271,0.8,0.8589135251028419,False
27754,G47,1,1.0,0.04690810663181826,0.4032258064516129,0.5779522314793191,0.7,0.8482522145887904,False
27754,G47,1,1.0,0.054307405709978156,0.4032258064516129,0.5956103936623945,0.9,0.8716143104893367,False
27754,G47,1,1.0,0.06573513400915602,0.4032258064516129,0.5792821035992898,1.0,0.8796414195601941,False
79299,G47,1,1.0,0.04455663920394372,0.4032258064516129,0.561554603224719,1.0,0.8800248633858209,False
79299,G47,1,1.0,0.07146081807889507,0.4032258064516129,0.535000583943945,1.0,0.8740850635907402,False
79299,G47,1,1.0,0.050368457692339205,0.4032258064516129,0.5787695111047612,0.9,0.8701807622071152,False
79299,G47,1,1.0,0.057862109491363334,0.4032258064516129,0.5647262795923421,1.0,0.8788988862836213,False
10103,G47,1,0.0,0.11675886458700134,0.3870967741935484,0.516919599699385,0.1,0.20969527881177022,False
10103,G47,1,1.0,0.12584173082103298,0.3709677419354839,0.4938531329377048,1.0,0.8598865715613506,False
10103,G47,1,1.0,0.1316415706750515,0.3387096774193548,0.49323955161327737,1.0,0.8555897398175091,False
10103,G47,1,1.0,0.15078744825123905,0.3548387096774194,0.48325811844855054,1.0,0.8541454866527478,False
22674,G47,1,1.0,0.002999976026362917,0.7741935483870968,0.5978024522122188,1.0,0.9298884471747725,False
22674,G47,1,1.0,0.04215159004089147,0.5161290322580645,0.5466219780292624,1.0,0.8911777133607148,False
22674,G47,1,1.0,0.07728055798301783,0.5161290322580645,0.5012050030672919,1.0,0.8822281641491486,False
22674,G47,1,1.0,0.10999742581466743,0.5483870967741935,0.4809432767308924,1.0,0.8799258830767133,False
1257,G46,1,0.0,0.001684807384088751,0.8548387096774194,0.5871076805790656,0.0,0.2711401758747107,False
1257,G46,1,0.0,0.07181553518973276,0.6451612903225806,0.5304698937678961,0.4,0.27820173876674936,False
1257,G46,1,0.0,0.030355712571689328,0.4838709677419355,0.5812410383596032,0.9,0.32608403261442764,False
1257,G46,1,0.0,0.037769297796822206,0.4838709677419355,0.5789766381636202,0.1,0.2361198120120815,False
84614,G46,1,0.0,0.06965332449040298,0.45161290322580644,0.60227016632917,0.0,0.22046997167384152,False
84614,G46,1,1.0,0.06170750412033432,0.45161290322580644,0.5933161071924071,0.9,0.8759135006997644,False
84614,G46,1,0.0,0.029443051931134036,0.46774193548387094,0.592725145353672,0.0,0.22566933654515653,False
84614,G46,1,0.0,0.05362165698346565,0.43548387096774194,0.5976654975915503,0.6,0.2866141901750918,False
36198,G46,1,1.0,0.0781516429207351,0.3709677419354839,0.5530199700791797,0.9,0.8606484521215476,False
36198,G46,1,0.0,0.07462694712828273,0.3709677419354839,0.5899377813022505,0.0,0.20958650845660573,False
36198,G46,1,0.0,0.09281403784214158,0.3709677419354839,0.5968423044973536,0.0,0.20833288984341067,False
36198,G46,1,0.0,0.09671808847350853,0.3709677419354839,0.5827426563229987,0.0,0.20633247886499712,False
84822,G47,1,0.0,0.0570259217270905,0.43548387096774194,0.5843701229871778,0.0,0.21809200802531437,False
84822,G47,1,0.0,0.05666024020444594,0.43548387096774194,0.590604254953311,0.0,0.21882532063517857,False
84822,G47,1,0.0,0.0629041672665779,0.41935483870967744,0.5951217906638852,0.0,0.21684138467855385,False
84822,G47,1,0.0,0.05666253570133905,0.41935483870967744,0.5920495177657459,0.0,0.21719353564156493,False
107312,F42,1,1.0,0.0031102570309240653,0.8548387096774194,0.5917061887818296,1.0,0.9381594046031473,False
107312,F42,1,1.0,0.0936527371958806,0.4838709677419355,0.5504985490424594,1.0,0.8823018643987237,False
107312,F42,1,1.0,0.06912580869417735,0.46774193548387094,0.5900016424286074,1.0,0.8876241965798113,False
107312,F42,1,1.0,0.0908611873881522,0.4838709677419355,0.5520524764011726,1.0,0.882784695194995,False
109476,G47,1,1.0,0.08490185231063568,0.3870967741935484,0.5771703806365676,0.5,0.81992947805772,False
109476,G47,1,1.0,0.09398753679168152,0.3870967741935484,0.5879244426961119,0.8,0.8534481866775532,False
109476,G47,1,1.0,0.11465161396064548,0.3870967741935484,0.5529127215799017,0.8,0.8472619868680894,False
109476,G47,1,1.0,0.13086647648066282,0.3870967741935484,0.5980129201784317,1.0,0.872693690876813,False
4484,G46,1,1.0,0.0536677042440433,0.4032258064516129,0.5806592809917523,1.0,0.8811352647999247,False
4484,G46,1,0.0,0.0630179771965045,0.41935483870967744,0.5509265225075508,0.7,0.2896959315578582,False
4484,G46,1,0.0,0.06950394996171842,0.3709677419354839,0.5721318110248138,0.0,0.20817728922206438,False
21876,G47,1,1.0,0.07765891266478513,0.41935483870967744,0.5783506937042864,1.0,0.8800051799721309,False
21876,G47,1,1.0,0.07352716312340776,0.41935483870967744,0.5802331158470828,0.9,0.8695623101592614,False
21876,G47,1,1.0,0.07234207353520225,0.4032258064516129,0.5757689051045181,0.8,0.8562947375578811,False
21876,G47,1,1.0,0.08520358094902734,0.4032258064516129,0.5723380495837507,1.0,0.8767066972318152,False
87981,G47,1,0.0,0.06197670290855035,0.43548387096774194,0.613193834120617,0.0,0.22074455579775648,False
87981,G47,1,0.0,0.07645370546999607,0.43548387096774194,0.5982006145176212,0.6,0.2841367533350408,False
87981,G47,1,0.0,0.09232661707057492,0.41935483870967744,0.6036975930543378,0.1,0.22563620163260445,False
70,G47,1,1.0,0.06359762909838941,0.5161290322580645,0.5810759435043866,1.0,0.8926230385182292,False
70,G47,1,1.0,0.07555780453138003,0.5161290322580645,0.5283721627509976,0.9,0.8743270433864091,False
70,G47,1,1.0,0.07258638648786732,0.5161290322580645,0.575879811053901,1.0,0.8910469396471221,False
70,G47,1,1.0,0.05027994706078169,0.5,0.5607592643066089,1.0,0.8900532574717587,False
39421,G47,1,1.0,0.0692865926477911,0.3709677419354839,0.5994924906628809,1.0,0.8779081822167304,False
39421,G47,1,0.0,0.06948971734308784,0.3709677419354839,0.6044038002333649,0.0,0.21176464720286234,False
39421,G47,1,0.0,0.0740808594328163,0.3709677419354839,0.6013925281469179,0.2,0.23314215673884287,False
39421,G47,1,1.0,0.07149022455267673,0.3709677419354839,0.5909178934222934,1.0,0.8767106012005668,False
54627,G47,1,0.0,0.08366712215864237,0.3870967741935484,0.6012859052372883,0.0,0.2116350619191327,False
54627,G47,1,0.0,0.07301789880448453,0.3870967741935484,0.5977649613287679,0.1,0.22353820407975908,False
54627,G47,1,0.0,0.06115562632631665,0.3870967741935484,0.6016609945645154,0.0,0.2141780158257497,False
54627,G47,1,0.0,0.06184855989521073,0.3870967741935484,0.6013044162417895,0.0,0.21406140339334745,False
99009,G46,1,0.0,0.09523635995654502,0.4838709677419355,0.5229122236447667,0.0,0.2123940923811286,False
99009,G46,1,0.0,0.05187459370296413,0.45161290322580644,0.5690011080981251,0.0,0.2187488241801075,False
99009,G46,1,0.0,0.0765408946911187,0.41935483870967744,0.581989894802912,0.0,0.21386709320238564,False
99009,G46,1,0.0,0.09886165244030831,0.45161290322580644,0.5834042367309127,0.0,0.21512838750182342,False
70282,L68,1,0.0,0.16077018740943874,0.3870967741935484,0.5697040704509411,0.0,0.19955896191500563,False
70282,L68,1,0.0,0.1584826886828853,0.4032258064516129,0.5998446082325315,0.2,0.22717641400013988,False
70282,L68,1,0.0,0.14021644077603418,0.3870967741935484,0.6039639644575023,0.0,0.20564936643055737,False
70282,L68,1,0.0,0.14993029542016942,0.3870967741935484,0.5990452769093277,0.0,0.20402352840918964,False
112501,G47,1,1.0,0.08347275345746188,0.43548387096774194,0.5652779688971963,0.9,0.8685876762674973,False
112501,G47,1,1.0,0.11555740575069323,0.41935483870967744,0.5768741087205901,1.0,0.8756301712977304,False
112501,G47,1,1.0,0.09417524564884937,0.41935483870967744,0.6050687047415177,0.9,0.8700275886447051,False
112501,G47,1,1.0,0.1014614756964242,0.41935483870967744,0.5988209934406944,0.9,0.8685238173837719,False
133250,G47,1,1.0,0.004007793460558873,0.8548387096774194,0.5912984963342456,1.0,0.9380143791723451,False
133250,G47,1,1.0,0.04899903134622119,0.4838709677419355,0.5802863890229712,1.0,0.8905731472687428,False
133250,G47,1,1.0,0.04100657060852735,0.4838709677419355,0.6068902230017734,0.8,0.872194957792798,False
133250,G47,1,1.0,0.06100065748925642,0.4838709677419355,0.5914333069873494,1.0,0.8904781796933364,False
57347,G46,1,1.0,0.052194276425459006,0.5161290322580645,0.5583159775991418,1.0,0.8913611926035274,False
57347,G46,1,1.0,0.07597273615528906,0.5161290322580645,0.5821134500624592,1.0,0.8913633051294707,False
57347,G46,1,1.0,0.06331135497721299,0.5,0.5932490361488187,1.0,0.8922152979079563,False
57347,G46,1,1.0,0.06654776805647802,0.5,0.5511275453040894,1.0,0.8871755308052901,False
33848,G47,1,1.0,0.001983515398841036,0.9032258064516129,0.565883295757597,1.0,0.9407917318678187,False
33848,G47,1,1.0,0.07682779753172314,0.5483870967741935,0.5845039924247031,1.0,0.8951181435185747,False
33848,G47,1,1.0,0.07992793847433736,0.5483870967741935,0.5934001979968666,1.0,0.8957621506996358,False
33848,G47,1,1.0,0.10206968025783009,0.5483870967741935,0.5590525952962639,1.0,0.8894855568680696,False
15466,G47,1,0.0,0.15964500202145376,0.43548387096774194,0.3979845667535311,0.3,0.2193137150777577,False
15466,G47,1,0.0,0.12037789260361488,0.46774193548387094,0.42002112395259894,0.2,0.21859835187031723,False
15466,G47,1,1.0,0.14351068868955966,0.43548387096774194,0.511293631105658,0.9,0.8559185348204267,False
15466,G47,1,1.0,0.16576931349165425,0.43548387096774194,0.5333615802688763,1.0,0.8670084597494405,False
28794,L68,1,1.0,0.3027591201803637,0.24193548387096775,0.4006731447403634,0.9,0.8044277231589965,False
28794,L68,1,1.0,0.30314031031325195,0.24193548387096775,0.39806835539625485,1.0,0.8152070587726635,False
28794,L68,1,1.0,0.3031048836744559,0.27419354838709675,0.44613254051152473,1.0,0.8241356894693518,False
28794,L68,1,0.0,0.2729458736608159,0.24193548387096775,0.4209439663521346,0.0,0.15443706406247626,False
59369,G47,1,1.0,0.17288877105664213,0.16129032258064516,0.6014203064698375,1.0,0.8433135397770933,False
59369,G47,1,0.0,0.20628654711350444,0.16129032258064516,0.5141575225698665,0.0,0.16324014422633415,False
59369,G47,1,1.0,0.19801075324779965,0.16129032258064516,0.5431166646682706,1.0,0.834044026000124,False
59369,G47,1,1.0,0.20475507711785024,0.16129032258064516,0.6010750888910906,0.2,0.7508455927059873,False
93067,G46,1,1.0,0.21288809138772988,0.20967741935483872,0.5314975458820181,1.0,0.8364763193165697,False
93067,G46,1,1.0,0.23568129489441644,0.1935483870967742,0.4358236646595943,0.4,0.754854528540217,False
93067,G46,1,1.0,0.24214913888370732,0.20967741935483872,0.520232925065474,1.0,0.8319734672818451,False
93067,G46,1,1.0,0.2620958536362024,0.20967741935483872,0.5788710165831913,1.0,0.8362725091446476,False
125816,L68,1,1.0,0.14160398913975317,0.1935483870967742,0.5629178242284307,1.0,0.8460958024650502,False
125816,L68,1,1.0,0.14251050233638868,0.1774193548387097,0.5490664001136721,1.0,0.8426639169573326,False
125816,L68,1,1.0,0.15196427346278304,0.1774193548387097,0.49184216890717636,1.0,0.835255250031456,False
125816,L68,1,1.0,0.22092959266780823,0.1935483870967742,0.4163818100253418,0.9,0.8098889560504787,False
81018,L68,1,1.0,0.19586776492753266,0.1774193548387097,0.5870908680233826,1.0,0.84096027310384,False
81018,L68,1,1.0,0.19469075976633707,0.1774193548387097,0.5838131407913276,1.0,0.840726859540411,False
81018,L68,1,1.0,0.16052664182475143,0.1774193548387097,0.6131948797177642,1.0,0.8477875103035247,False
81018,L68,1,1.0,0.1699884157735823,0.1774193548387097,0.5591772732445626,0.9,0.8296231347010767,False
148771,G46,1,1.0,0.17223357725717495,0.1935483870967742,0.6004907722734496,1.0,0.8468672869014499,False
148771,G46,1,0.0,0.1784764601209893,0.1935483870967742,0.5777643167981124,0.0,0.17698180486376636,False
148771,G46,1,1.0,0.18616241545576703,0.1935483870967742,0.5821962738495272,0.9,0.8321758050545038,False
148771,G46,1,1.0,0.18547768923967414,0.1935483870967742,0.5907568235201972,1.0,0.8443141690419219,False
94535,L68,1,1.0,0.08139529691995212,0.3225806451612903,0.5810036569184003,1.0,0.8691321116844154,False
94535,L68,1,1.0,0.08995815247191453,0.3225806451612903,0.5422313966139815,1.0,0.8638726543670397,False
94535,L68,1,1.0,0.07685091228841331,0.3225806451612903,0.5610060972613027,1.0,0.8674150922371311,False
94535,L68,1,1.0,0.07677392632108572,0.3064516129032258,0.5631056607477571,1.0,0.8658648163699886,False
27601,L68,1,1.0,0.12074619307794097,0.25806451612903225,0.6006348783760924,0.3,0.7819948001585759,False
27601,L68,1,1.0,0.09067802243738678,0.25806451612903225,0.5902434651308194,0.7,0.8286255509802739,False
27601,L68,1,0.0,0.14460552964502926,0.25806451612903225,0.6014939542087829,0.0,0.1905503267436429,False
27601,L68,1,1.0,0.12124114444756805,0.25806451612903225,0.5904166123286618,0.4,0.7919155537789029,False
121292,L68,1,1.0,0.12416652739248812,0.1774193548387097,0.5812712025492717,1.0,0.8482804477772771,False
121292,L68,1,0.0,0.09665874941290627,0.1774193548387097,0.5659805035910697,0.2,0.20519345655743035,False
121292,L68,1,1.0,0.09863330678506484,0.1774193548387097,0.6006993896879345,1.0,0.8532761597490643,False
121292,L68,1,1.0,0.11273961712892193,0.1774193548387097,0.6017437188509014,1.0,0.8518248285067433,False
123453,G47,1,1.0,0.1382234692887084,0.1935483870967742,0.5992444426734032,1.0,0.8505077067201632,False
123453,G47,1,1.0,0.12510940913005597,0.1935483870967742,0.590482278988724,1.0,0.8509912507728269,False
123453,G47,1,1.0,0.14285894353772083,0.1935483870967742,0.577668308498084,0.2,0.7587064168952374,False
123453,G47,1,1.0,0.13501659560932858,0.1935483870967742,0.5971371921822168,0.8,0.8284076648521848,False
141398,L68,1,1.0,0.024423177941509756,0.46774193548387094,0.5675324863720127,0.9,0.8789834715460416,False
141398,L68,1,1.0,0.02524722820189352,0.4838709677419355,0.5538735878059654,1.0,0.890277480816223,False
141398,L68,1,1.0,0.07871764185296402,0.4838709677419355,0.49303683658235536,1.0,0.8775766847190363,False
141398,L68,1,1.0,0.018376538060275827,0.45161290322580644,0.5534331491559423,0.9,0.876296612702386,False
141259,L68,1,0.0,0.18781855357178762,0.3225806451612903,0.5369602559481441,0.2,0.2079691497264052,False
141259,L68,1,0.0,0.19744228190620344,0.3064516129032258,0.6025613509613705,0.1,0.20128563132871033,False
88620,L68,1,1.0,0.1365730750125463,0.4032258064516129,0.5659486333872579,1.0,0.8702890405362582,False
88620,L68,1,1.0,0.10253192348472065,0.4032258064516129,0.602703032010713,0.9,0.8670441016641784,False
88620,L68,1,1.0,0.10085858624615544,0.4032258064516129,0.563775153095593,0.1,0.7740158192556722,False
88620,L68,1,1.0,0.10344785141547351,0.4032258064516129,0.5958558605392537,1.0,0.8772926461750437,False
31630,L68,1,0.0,0.1265799069581507,0.22580645161290322,0.5967931208300286,0.1,0.1995577406094201,False
31630,L68,1,0.0,0.1378684161542096,0.22580645161290322,0.6057085428047151,0.0,0.18818295314037875,False
31630,L68,1,0.0,0.14259103508889054,0.22580645161290322,0.5977987533724821,0.0,0.18677935221072164,False
31630,L68,1,0.0,0.11371994945509224,0.22580645161290322,0.6034187202553304,0.0,0.19061169137923795,False
112206,L68,1,1.0,0.036005322863550175,0.3225806451612903,0.5735556014966614,1.0,0.8733478804216,False
112206,L68,1,1.0,0.04674186050404296,0.3548387096774194,0.5602688134783672,1.0,0.8742628514057492,False
112206,L68,1,1.0,0.07250397996157135,0.3225806451612903,0.4963101601812811,1.0,0.8607096472645555,False
112206,L68,1,1.0,0.09629891712510501,0.3548387096774194,0.45959619073955477,0.9,0.8464595536990966,False
20515,L68,1,1.0,0.15412460589136814,0.24193548387096775,0.5110275786233902,1.0,0.8443153840669989,False
20515,L68,1,1.0,0.20336351084186996,0.27419354838709675,0.3988100725199859,1.0,0.8299600122294681,False
20515,L68,1,1.0,0.12149783231949968,0.27419354838709675,0.5469317746342555,1.0,0.8555141656335391,False
20515,L68,1,1.0,0.16895524544314383,0.25806451612903225,0.49239161378442803,1.0,0.8423889871633685,False
95154,L68,1,1.0,0.09658142388742794,0.24193548387096775,0.5689949278991047,1.0,0.8571498875425161,False
95154,L68,1,1.0,0.15059482395049775,0.25806451612903225,0.54613165797552,1.0,0.8504001500171171,False
95154,L68,1,1.0,0.16049624985777033,0.25806451612903225,0.48690573267902354,1.0,0.8427193332166983,False
95154,L68,1,1.0,0.08097691419233526,0.22580645161290322,0.5957905697263943,1.0,0.8600689007941069,False
17212,G46,1,0.0,0.05485563561151806,0.3387096774193548,0.5858873062098389,0.0,0.20774903866863062,False
17212,G46,1,0.0,0.06331029660145916,0.3387096774193548,0.5937395992191649,0.0,0.2076821088930067,False
17212,G46,1,0.0,0.06325161875092439,0.3548387096774194,0.594588346312348,0.0,0.20957504858209366,False
17212,G46,1,0.0,0.0673716091350738,0.3387096774193548,0.5982048779549141,0.0,0.20772699402657724,False
11169,L68,1,1.0,0.17081576156340236,0.27419354838709675,0.5602316963272004,1.0,0.8515121647945438,False
11169,L68,1,1.0,0.2243296868266503,0.25806451612903225,0.4791123547640912,1.0,0.8347607982296081,False
11169,L68,1,1.0,0.1913350479355961,0.25806451612903225,0.4766935725266132,0.8,0.8159358934133387,False
11169,L68,1,0.0,0.19940237298332725,0.22580645161290322,0.4984499383926198,0.0,0.1694282241135773,False
140567,L68,1,1.0,0.30380050503249684,0.3225806451612903,0.35952275109090737,0.8,0.7975892101355222,False
140567,L68,1,1.0,0.3234184867726861,0.3225806451612903,0.3838387657784269,1.0,0.820333436018559,False
140567,L68,1,1.0,0.31077216769558647,0.3064516129032258,0.4644226929520507,0.9,0.8177891264621878,False
62533,G46,1,1.0,0.04727610386228921,0.25806451612903225,0.5908630689338742,0.9,0.8557390534667353,False
62533,G46,1,1.0,0.053362058750646084,0.25806451612903225,0.5678458577709471,0.7,0.8302831461277037,False
62533,G46,1,1.0,0.06682861316997807,0.25806451612903225,0.5973283455811397,1.0,0.8653960276155771,False
62533,G46,1,1.0,0.053646928882080856,0.25806451612903225,0.5788969770149389,1.0,0.8648127293624321,False
44005,L68,1,1.0,0.04886386528925534,0.3064516129032258,0.5669931040267981,1.0,0.8693978724045298,False
44005,L68,1,1.0,0.05369274308400204,0.3064516129032258,0.5812110311280642,1.0,0.8704411001052542,False
44005,L68,1,1.0,0.10312836773244476,0.2903225806451613,0.5273218806888422,1.0,0.8571684548446177,False
44005,L68,1,1.0,0.0706703007561211,0.27419354838709675,0.5128354912694164,1.0,0.8573731932111547,False
11170,L68,1,1.0,0.2437461026590334,0.2903225806451613,0.39447292609206075,1.0,0.8267832671197988,False
11170,L68,1,1.0,0.1939585682198853,0.27419354838709675,0.5285389578506632,1.0,0.8454193264464305,False
11170,L68,1,1.0,0.230104679455976,0.27419354838709675,0.4225944253319863,1.0,0.8296314771403454,False
11170,L68,1,1.0,0.21841811019298032,0.2903225806451613,0.44691322863666516,1.0,0.8354241887876497,False
58641,L68,1,1.0,0.17263191946265238,0.2903225806451613,0.4598605683047319,1.0,0.8419501366096934,False
58641,L68,1,1.0,0.1911585526705893,0.2903225806451613,0.44356284808769564,0.9,0.8269696528958076,False
58641,L68,1,1.0,0.20565927399353226,0.2903225806451613,0.5148548162601467,0.9,0.8332797914346417,False
58641,L68,1,1.0,0.1490257636328361,0.2903225806451613,0.5656094617148445,1.0,0.8563229198585743,False
40721,G46,1,0.0,0.25447556960917767,0.3387096774193548,0.36361739364742574,0.0,0.16087238905084478,False
40721,G46,1,1.0,0.2729434449926222,0.3225806451612903,0.38317202629016756,1.0,0.8258676918287595,False
40721,G46,1,1.0,0.24764390344118264,0.3225806451612903,0.40820108001129385,0.9,0.8203486468590446,False
40721,G46,1,1.0,0.2993800813278875,0.3225806451612903,0.36034189664499217,1.0,0.8203936067198216,False
106694,L68,1,0.0,0.12129341765116783,0.41935483870967744,0.5854619115742954,0.0,0.20928037029253388,False
106694,L68,1,1.0,0.10514073183880322,0.4032258064516129,0.5823052697018124,1.0,0.8755989271460691,False
106694,L68,1,1.0,0.10412093234765776,0.4032258064516129,0.5917284296047165,1.0,0.8767592559676302,False
106694,L68,1,1.0,0.10804821634063706,0.4032258064516129,0.5821030321197216,1.0,0.8752534024700775,False
88772,L68,1,0.0,0.03991804336834378,0.3548387096774194,0.548954594886097,0.0,0.20709725124390807,False
88772,L68,1,0.0,0.04214411908096394,0.3225806451612903,0.5408691487237383,0.0,0.20236729720045163,False
88772,L68,1,0.0,0.06822972890497439,0.2903225806451613,0.581350924239477,0.1,0.21149375288662933,False
88772,L68,1,0.0,0.09569148057792326,0.3387096774193548,0.5605635846645267,0.0,0.20039797572288426,False
131092,L68,1,1.0,0.008204161221491401,0.6774193548387096,0.5564368746647459,1.0,0.9139613409202182,False
131092,L68,1,1.0,0.13377944737702196,0.43548387096774194,0.4611441617321315,1.0,0.862538731702539,False
131092,L68,1,1.0,0.11305857800595956,0.3709677419354839,0.5068561894434366,1.0,0.8627517059303291,False
131092,L68,1,1.0,0.062097506440604425,0.3064516129032258,0.6025999422770917,1.0,0.8718837831933014,False
92266,L68,1,1.0,0.08764106989517555,0.3064516129032258,0.5545144727960634,1.0,0.8637027795337904,False
92266,L68,1,1.0,0.10772752814502914,0.3064516129032258,0.4366357607225423,1.0,0.8483733161645266,False
92266,L68,1,1.0,0.10312090341036087,0.3064516129032258,0.5443536693231957,1.0,0.8608538198684513,False
92266,L68,1,1.0,0.10242439438734227,0.3064516129032258,0.5279237873448832,0.9,0.8479945562067519,False
81111,L68,1,0.0,0.21517690255180788,0.20967741935483872,0.5083943715998177,0.3,0.20032165426698317,False
81111,L68,1,1.0,0.24345153264549457,0.22580645161290322,0.3939590035248677,1.0,0.8195904358324752,False
81111,L68,1,1.0,0.20125534183014943,0.20967741935483872,0.4988291225932152,1.0,0.8341390222353228,False
18855,G47,1,1.0,0.1444640464609322,0.27419354838709675,0.5474893671469361,0.9,0.841913207674789,False
18855,G47,1,1.0,0.1356975644456056,0.25806451612903225,0.5985998864393053,0.3,0.7801074264580813,False
18855,G47,1,0.0,0.15260445517927887,0.25806451612903225,0.5808880139343615,0.0,0.1873720083204572,False
18855,G47,1,1.0,0.1876282213457385,0.27419354838709675,0.5377050940514434,0.6,0.8026967134547558,False
50746,L68,1,1.0,0.0669300587003049,0.3225806451612903,0.5928234482395407,1.0,0.8720526705222806,False
50746,L68,1,1.0,0.1241291202294801,0.3225806451612903,0.5667632410710857,1.0,0.8628016406669885,False
50746,L68,1,1.0,0.14417696894026136,0.3225806451612903,0.5391321825897721,1.0,0.8575039843123112,False
50746,L68,1,1.0,0.1302011725021716,0.3225806451612903,0.5629925029998228,1.0,0.8617079972954378,False
128475,L68,1,1.0,0.11683894820810042,0.3548387096774194,0.5405694443704236,0.9,0.8531743562044158,False
128475,L68,1,1.0,0.1428273222109417,0.3064516129032258,0.5364752326941088,1.0,0.8555666137095992,False
128475,L68,1,1.0,0.13518089984594805,0.3064516129032258,0.5384507500462702,1.0,0.8566357181226165,False
128475,L68,1,1.0,0.17339007681582164,0.3064516129032258,0.48676002836441257,1.0,0.8466468404946463,False
26109,L68,1,1.0,0.10298486685292169,0.3870967741935484,0.5164255608426018,1.0,0.8667263853536921,False
26109,L68,1,1.0,0.17319154903061793,0.3870967741935484,0.42425457670006206,1.0,0.8486844224292214,False
26109,L68,1,1.0,0.1308269950594508,0.3709677419354839,0.47693319454110483,1.0,0.8574526601574598,False
26109,L68,1,1.0,0.15287608362389263,0.3387096774193548,0.4374652227839818,1.0,0.8470332018421605,False
9,L68,1,0.0,0.11126553689063161,0.25806451612903225,0.6065143482794593,0.5,0.25036814750198444,False
9,L68,1,0.0,0.18406732586916175,0.27419354838709675,0.5231652409921985,0.0,0.1792546070566815,False
9,L68,1,1.0,0.20328896996958856,0.25806451612903225,0.4884773788899067,1.0,0.8381392138943722,False
9,L68,1,1.0,0.12339144684111344,0.24193548387096775,0.601690185971494,0.3,0.7800260247779276,False
20895,G46,1,1.0,0.1353920172918061,0.25806451612903225,0.5266207136178933,1.0,0.8499214680505687,False
20895,G46,1,1.0,0.11116058605555884,0.24193548387096775,0.5792067389267506,1.0,0.8566646263046844,False
20895,G46,1,1.0,0.11592408604904682,0.24193548387096775,0.570052482690188,1.0,0.8551182089457899,False
20895,G46,1,1.0,0.15308527515667858,0.24193548387096775,0.5404778167119291,1.0,0.8477031139362465,False
135406,L68,1,1.0,0.17946819392150698,0.3387096774193548,0.5272535892981911,0.9,0.8429438969773376,False
135406,L68,1,0.0,0.15288330129598146,0.3225806451612903,0.6040177160720771,0.1,0.2081905622152651,False
135406,L68,1,1.0,0.19661562509619213,0.3387096774193548,0.4303615943537419,1.0,0.8413839607418783,False
135406,L68,1,1.0,0.18693122129859888,0.3548387096774194,0.45375965744974933,1.0,0.8468519050920633,False
49350,L68,1,1.0,0.22044576601954044,0.3064516129032258,0.5375134884722623,0.8,0.8248354817062163,False
49350,L68,1,1.0,0.2357279047399387,0.2903225806451613,0.5819153322956658,1.0,0.8485011120223209,False
49350,L68,1,1.0,0.2573441330352567,0.25806451612903225,0.47888532160586833,1.0,0.8310673005221827,False
49350,L68,1,0.0,0.2550113000634499,0.27419354838709675,0.545298352359137,0.4,0.2182756222980871,False
115089,L68,1,1.0,0.27411321241686876,0.2903225806451613,0.42254583502936116,1.0,0.8265283559175169,False
115089,L68,1,1.0,0.2364395708369329,0.3064516129032258,0.4179263848805541,1.0,0.8319931585496497,False
115089,L68,1,1.0,0.19763694279449565,0.2903225806451613,0.46011212082314373,1.0,0.8391997509637565,False
115089,L68,1,1.0,0.26014551276023923,0.2903225806451613,0.40084069597204686,1.0,0.825668640428552,False
95136,G46,1,0.0,0.0652279511136405,0.25806451612903225,0.5983447955519918,0.0,0.19902015117415373,False
95136,G46,1,0.0,0.06365878204405297,0.25806451612903225,0.6014724258836026,0.0,0.19954201777428687,False
95136,G46,1,0.0,0.07197733962318816,0.25806451612903225,0.599062475904087,0.0,0.19834996137888122,False
95136,G46,1,0.0,0.0738836443574152,0.25806451612903225,0.5914049934687394,0.0,0.19728731836003963,False
109862,L68,1,1.0,0.07242337949658954,0.3387096774193548,0.5491104225445623,1.0,0.8683774133852586,False
109862,L68,1,1.0,0.1133364774879673,0.3225806451612903,0.4979952820591864,1.0,0.8563599388591676,False
109862,L68,1,1.0,0.07217453893007642,0.3387096774193548,0.5549012071241172,1.0,0.8690484828459328,False
109862,L68,1,1.0,0.08026207893702059,0.3225806451612903,0.5565466294343789,1.0,0.8665405772954053,False
125363,G46,1,1.0,0.07180396948746462,0.24193548387096775,0.6018709102330484,1.0,0.8635558249573947,False
125363,G46,1,0.0,0.07989857219600972,0.24193548387096775,0.5960486700843437,0.0,0.1953428424177002,False
125363,G46,1,1.0,0.11978217343979133,0.24193548387096775,0.5982752114243794,1.0,0.857825391317284,False
125363,G46,1,1.0,0.09206583318759816,0.24193548387096775,0.5874674531233167,1.0,0.8597041226451875,False
16138,G46,1,1.0,0.0627427207177312,0.22580645161290322,0.5955485796500963,1.0,0.8620680345050299,False
16138,G46,1,1.0,0.08818169153692518,0.22580645161290322,0.5672991426812924,1.0,0.8561026558619189,False
16138,G46,1,1.0,0.0614827058175073,0.22580645161290322,0.5759966722443082,0.8,0.8378133797821893,False
16138,G46,1,1.0,0.07592665500238474,0.22580645161290322,0.6011304485925573,1.0,0.8612233605781195,False
117772,L68,1,1.0,0.1388101583922359,0.2903225806451613,0.5019761715212758,1.0,0.8503876215304668,False
117772,L68,1,0.0,0.14284168270538694,0.27419354838709675,0.5881025682188934,0.0,0.19105049265562257,False
117772,L68,1,0.0,0.049698762715669,0.27419354838709675,0.5567252608246592,0.0,0.19791333849956524,False
117772,L68,1,0.0,0.14009552419742058,0.27419354838709675,0.6051211685501672,0.1,0.20435768808220484,False
49371,L68,1,0.0,0.1528690409294894,0.3387096774193548,0.512970525531544,0.0,0.1887567957801566,False
49371,L68,1,0.0,0.18311691874270428,0.3387096774193548,0.5688115027726914,0.0,0.19160047349437134,False
49371,L68,1,1.0,0.1620436279949216,0.3225806451612903,0.5035457640277639,1.0,0.8515647534660147,False
49371,L68,1,1.0,0.107778370787691,0.3225806451612903,0.6059639946362638,1.0,0.8689740298899848,False
92735,G46,1,0.0,0.0513869550770857,0.3387096774193548,0.6164102731898092,0.0,0.21152588839245315,False
92735,G46,1,1.0,0.04631722565518736,0.3387096774193548,0.6149137135594892,0.9,0.8674784628137397,False
92735,G46,1,1.0,0.048534744214803964,0.3387096774193548,0.6081290407075314,0.9,0.8664782193235648,False
92735,G46,1,0.0,0.047922973601644596,0.3387096774193548,0.6120382352591505,0.0,0.2114249932307623,False
128950,G47,1,0.0,0.07654568343261935,0.3387096774193548,0.578782644082512,0.0,0.2045496264521386,False
128950,G47,1,1.0,0.09570656324935366,0.3387096774193548,0.5817021371914723,1.0,0.8694116945957193,False
128950,G47,1,1.0,0.11021852132914492,0.3387096774193548,0.5837620821558046,0.6,0.823583693138446,False
128950,G47,1,1.0,0.09507594576001885,0.3387096774193548,0.5840048144861649,1.0,0.869737616238389,False
100910,L68,1,0.0,0.13421901798896638,0.2903225806451613,0.5361840735799859,0.0,0.18803195958179786,False
100910,L68,1,1.0,0.12066154314718408,0.3225806451612903,0.5445789628200137,1.0,0.860722007203791,False
100910,L68,1,0.0,0.1719108115760616,0.2903225806451613,0.531442613041295,0.0,0.18331715356782163,False
100910,L68,1,1.0,0.14678375685322056,0.2903225806451613,0.5706489575340059,1.0,0.857131975702883,False
69999,L68,1,1.0,0.14326850791586657,0.2903225806451613,0.5328239306078407,1.0,0.8533197781485706,False
69999,L68,1,1.0,0.13117477110258338,0.3225806451612903,0.5401684759894656,1.0,0.8590638166720191,False
69999,L68,1,1.0,0.17663880660518919,0.2903225806451613,0.5297205371480231,1.0,0.849267145687555,False
69999,L68,1,1.0,0.15609953076812183,0.2903225806451613,0.570116696223919,1.0,0.8560377495667731,False
7155,L68,1,1.0,0.28403242488516744,0.2903225806451613,0.49365927936516213,1.0,0.8333277150139061,False
7155,L68,1,1.0,0.30890995351799294,0.2903225806451613,0.32088799910580545,1.0,0.8113667362481081,False
7155,L68,1,1.0,0.2854424420823886,0.2903225806451613,0.3540190430199831,1.0,0.8176554646203062,False
7155,L68,1,0.0,0.24448167913493576,0.3064516129032258,0.5310286521368082,0.0,0.17699984287834425,False
29623,L68,1,1.0,0.15459659553486987,0.43548387096774194,0.5307894078840845,1.0,0.8679640759241063,False
29623,L68,1,1.0,0.15817065410749842,0.43548387096774194,0.5774689799394315,1.0,0.8727535774221862,False
29623,L68,1,0.0,0.1799374569788686,0.41935483870967744,0.5590834593805707,0.1,0.2109445379012644,False
29623,L68,1,0.0,0.18436034672223997,0.41935483870967744,0.5867486513565734,0.1,0.21352701592711232,False
136786,L68,1,1.0,0.06753651375551635,0.3387096774193548,0.572090105038755,1.0,0.8714736965225103,False
136786,L68,1,1.0,0.057018085249284325,0.3225806451612903,0.580045510122632,1.0,0.8717342300038486,False
136786,L68,1,1.0,0.1377264942058077,0.3387096774193548,0.503361923632826,1.0,0.8560383452051527,False
136786,L68,1,1.0,0.08945204164770566,0.3225806451612903,0.5840838325511145,1.0,0.8685791595627443,False
82209,L68,1,1.0,0.14859342498406872,0.22580645161290322,0.46605190249444095,1.0,0.838140547680364,False
82209,L68,1,1.0,0.12114273986230367,0.24193548387096775,0.5689836602887689,1.0,0.8544196004774925,False
82209,L68,1,1.0,0.13178162878313138,0.24193548387096775,0.5872947933841584,1.0,0.8552720720524438,False
82209,L68,1,1.0,0.11444230192898919,0.25806451612903225,0.5835758802992481,1.0,0.8585775660554769,False
147844,G47,1,0.0,0.08075358264199571,0.24193548387096775,0.5322264802398841,0.0,0.18815648682987288,False
147844,G47,1,1.0,0.0899001158071434,0.24193548387096775,0.5629264571939765,1.0,0.8572179805842001,False
147844,G47,1,1.0,0.10457592405184477,0.24193548387096775,0.5387587265741662,0.8,0.8306798095992545,False
147844,G47,1,0.0,0.15968550539553886,0.24193548387096775,0.4430835535846819,0.0,0.16948150356223454,False
84195,L68,1,1.0,0.11959153114899389,0.3870967741935484,0.5507092627107553,0.9,0.8575793895283677,False
84195,L68,1,1.0,0.15209424389948623,0.4032258064516129,0.46557247961325954,1.0,0.8574115602405984,False
84195,L68,1,1.0,0.10271076986237006,0.3548387096774194,0.555391336280075,1.0,0.8675021417883471,False
84195,L68,1,0.0,0.057738230840609195,0.4032258064516129,0.6011008908689566,0.0,0.21628760738666225,False
22838,L68,1,0.0,0.09935930073727886,0.3064516129032258,0.5963556093129091,0.0,0.20038310238653956,False
22838,L68,1,0.0,0.13751383912998094,0.2903225806451613,0.6027874899792512,0.1,0.20617735905493687,False
22838,L68,1,0.0,0.14585288486811288,0.2903225806451613,0.5944651931999768,0.0,0.19321498766411394,False
22838,L68,1,0.0,0.13745026848074604,0.2903225806451613,0.5709370588682807,0.1,0.20264548567029958,False
55921,G47,1,1.0,0.13589186102169756,0.41935483870967744,0.5607446345526035,1.0,0.871578623582287,False
55921,G47,1,0.0,0.143270856032029,0.41935483870967744,0.566107178436064,0.4,0.2491323512348569,False
55921,G47,1,1.0,0.11260767461273248,0.41935483870967744,0.5535707010355769,1.0,0.8733686516813912,False
55921,G47,1,1.0,0.11134512649657666,0.4032258064516129,0.5669882783167228,1.0,0.8732076620301954,False
19751,L68,1,1.0,0.24965891018319913,0.24193548387096775,0.513401603263794,1.0,0.8339642418835069,False
19751,L68,1,1.0,0.2633443543523621,0.22580645161290322,0.5108334012890967,0.8,0.8081439442832931,False
19751,L68,1,0.0,0.2838242223689361,0.24193548387096775,0.36888843584014386,0.8,0.2363332997046862,False
19751,L68,1,1.0,0.24111655390290382,0.24193548387096775,0.5337192812483387,1.0,0.8371709123573781,False
34027,F42,1,1.0,0.1425615519414498,0.3709677419354839,0.6095734430305529,0.4,0.8042199592249542,False
34027,F42,1,0.0,0.13542978863588598,0.3709677419354839,0.6039358213920074,0.3,0.23771930829906726,False
34027,F42,1,0.0,0.1721418028418071,0.3709677419354839,0.5319163836551237,0.2,0.21452692474986673,False
34027,F42,1,1.0,0.15166393879880286,0.3709677419354839,0.5893290013758603,0.5,0.8120703116125045,False
114093,G46,1,1.0,0.13921076846668962,0.3709677419354839,0.5173881528226312,0.9,0.8499050140323807,False
114093,G46,1,1.0,0.17588429555779242,0.3709677419354839,0.47525985260212605,0.9,0.841149255442202,False
114093,G46,1,1.0,0.11157224372723917,0.3548387096774194,0.5520286172277499,1.0,0.8661438981308811,False
114093,G46,1,1.0,0.15778841990029183,0.3225806451612903,0.43408103564745226,1.0,0.8443192512120501,False
59832,G46,1,0.0,0.11281830003396533,0.2903225806451613,0.600299167091963,0.0,0.1975337164114621,False
59832,G46,1,0.0,0.11795756758680742,0.2903225806451613,0.5988207122698619,0.0,0.1967984139253573,False
59832,G46,1,0.0,0.12810767087353042,0.27419354838709675,0.5848287702656774,0.0,0.1923238497532493,False
59832,G46,1,0.0,0.12356164975718535,0.2903225806451613,0.58966043519438,0.0,0.19515792956470623,False
59468,L68,1,1.0,0.0697331523102467,0.2903225806451613,0.5063188621905197,1.0,0.8585453656139372,False
59468,L68,1,1.0,0.1352479708123791,0.3225806451612903,0.4320898215479093,1.0,0.8466024995440911,False
59468,L68,1,1.0,0.10619081514245145,0.3225806451612903,0.5143510255445662,1.0,0.8589712061737117,False
59468,L68,1,1.0,0.11176809903558603,0.3225806451612903,0.40698237249698666,1.0,0.8464216576247433,False
83243,G46,1,1.0,0.12219098625579435,0.3225806451612903,0.49163850154985356,0.9,0.8435586844950388,False
83243,G46,1,1.0,0.09712536090301606,0.2903225806451613,0.5627811528182441,1.0,0.8617753747289322,False
83243,G46,1,1.0,0.13870421312273437,0.3064516129032258,0.44950562479438105,1.0,0.8463614471749858,False
83243,G46,1,1.0,0.11785262004639402,0.3225806451612903,0.5320264955479492,1.0,0.8596393911847606,False
21078,L68,1,1.0,0.25113791581329836,0.5,0.4430544818007953,1.0,0.854657396220833,False
21078,L68,1,1.0,0.216538203689183,0.5,0.42927750828408284,0.9,0.8458599227327668,False
21078,L68,1,1.0,0.2892450926650961,0.46774193548387094,0.3915584922052332,1.0,0.8411172594471119,False
21078,L68,1,1.0,0.24655158181060094,0.4838709677419355,0.5235949424852593,1.0,0.8623238142685103,False
100452,G46,1,1.0,0.13153069397734637,0.2903225806451613,0.46929901160747156,1.0,0.8475656553639207,False
100452,G46,1,1.0,0.10113123997188593,0.2903225806451613,0.5130760080508633,1.0,0.855807483191571,False
100452,G46,1,1.0,0.09326685216780994,0.3064516129032258,0.5329211519474635,1.0,0.8606784347425421,False
100452,G46,1,1.0,0.1179366924750454,0.3064516129032258,0.5158394762844372,0.8,0.8338171551902909,False
22355,G46,1,0.0,0.07764663011590696,0.3387096774193548,0.6009541305051929,0.0,0.2068907975342934,False
22355,G46,1,0.0,0.0797377704881948,0.3387096774193548,0.6044702313779335,0.0,0.20704912647878818,False
22355,G46,1,0.0,0.07318064875924037,0.3387096774193548,0.588030914681357,0.0,0.20595110481571904,False
22355,G46,1,0.0,0.07757929667581857,0.3387096774193548,0.5952048507606622,0.0,0.20625947016713317,False
10266,F42,1,1.0,0.05560719286685671,0.3387096774193548,0.6034035902309374,0.1,0.776278452753715,False
10266,F42,1,1.0,0.05730978791641285,0.3387096774193548,0.6001736255715553,0.0,0.7646192794527219,False
10266,F42,1,1.0,0.07299032643500726,0.3387096774193548,0.5945463783345719,0.7,0.84002952547988,False
10266,F42,1,1.0,0.1028381799576814,0.3387096774193548,0.5812240849443711,0.3,0.7907883980451161,False
95053,L68,1,1.0,0.2612908653090861,0.4032258064516129,0.4521143266864598,1.0,0.8437832519809985,False
95053,L68,1,1.0,0.26378182368344544,0.4032258064516129,0.43196817222654305,1.0,0.8412680172216345,False
95053,L68,1,1.0,0.24299836844251604,0.3870967741935484,0.5835205838748323,1.0,0.8586243321806516,False
95053,L68,1,0.0,0.27761097414157127,0.3709677419354839,0.6059587222008347,0.0,0.18881283222163858,False
38492,G46,1,1.0,0.12700752858568523,0.3709677419354839,0.4757711874244454,0.7,0.8244146000860272,False
38492,G46,1,0.0,0.1425060507134082,0.3387096774193548,0.4784748369848094,0.0,0.18607538485452846,False
15843,G46,1,1.0,0.03289715269296017,0.43548387096774194,0.553703142437344,0.9,0.8729210956346808,False
15843,G46,1,0.0,0.0587049315418705,0.46774193548387094,0.5069933748758164,0.0,0.21289226431309075,False
15843,G46,1,1.0,0.038892640083857725,0.4838709677419355,0.5308807661316167,0.9,0.8750954548655216,False
15843,G46,1,1.0,0.035174176125431965,0.43548387096774194,0.5537166512996892,1.0,0.8837807051268888,False
10468,G47,1,0.0,0.15278577969600668,0.3225806451612903,0.5086836047122635,0.0,0.18649760779750524,False
10468,G47,1,1.0,0.14335261262535065,0.27419354838709675,0.5255584782898224,1.0,0.8507110460057299,False
143222,G46,1,0.0,0.07700534773446642,0.41935483870967744,0.6016124366423252,0.0,0.21599576973528178,False
143222,G46,1,0.0,0.08551508263122955,0.45161290322580644,0.5959547121465585,0.0,0.21800583697123727,False
143222,G46,1,0.0,0.0747969939100062,0.41935483870967744,0.5963556093129091,0.0,0.21565705045695338,False
143222,G46,1,0.0,0.0771817068460849,0.41935483870967744,0.6055911127660725,0.0,0.21641824940329613,False
5773,G46,1,0.0,0.0784264373537725,0.3709677419354839,0.5988222862343286,0.0,0.21015151009067112,False
5773,G46,1,0.0,0.07624866470559975,0.3709677419354839,0.6040883340565457,0.0,0.21097860125404774,False
5773,G46,1,0.0,0.08401916039636498,0.3709677419354839,0.6007499199639367,0.5,0.2652998335003395,False
5773,G46,1,0.0,0.05970519240128265,0.3709677419354839,0.6044772592012984,0.0,0.21285997874838883,False
146406,G46,1,1.0,0.09144248237793134,0.3064516129032258,0.5330100540372529,1.0,0.8608910205069498,False
146406,G46,1,1.0,0.13587049133992707,0.3064516129032258,0.493015430478064,1.0,0.8515107280045958,False
146406,G46,1,1.0,0.09382106277585675,0.2903225806451613,0.5248559355262654,1.0,0.857928605932841,False
146406,G46,1,1.0,0.11261556191402226,0.2903225806451613,0.5159147394118282,1.0,0.8548468620158852,False
59803,L68,1,0.0,0.11954850570278809,0.45161290322580644,0.49493636579192035,0.2,0.2252223070349932,False
59803,L68,1,1.0,0.08383195287107467,0.45161290322580644,0.5349298279599459,1.0,0.8780789753682975,False
59803,L68,1,1.0,0.09036249710004128,0.41935483870967744,0.5496983319867925,0.8,0.8531878526218254,False
59803,L68,1,1.0,0.09032679048510317,0.45161290322580644,0.5483523795371251,1.0,0.8788487213642031,False
25114,G46,1,0.0,0.052239938838207746,0.3870967741935484,0.6055911127660725,0.0,0.2156053275690459,False
25114,G46,1,0.0,0.06364447213608523,0.3870967741935484,0.5887134502939244,0.0,0.21246286137237638,False
25114,G46,1,0.0,0.0622395411176978,0.3870967741935484,0.6016634992851557,0.0,0.2140578591512229,False
25114,G46,1,0.0,0.07915076308273672,0.3870967741935484,0.5963556093129091,0.0,0.21158906893596896,False
5255,G46,1,0.0,0.04905979528088435,0.3548387096774194,0.6073338009982383,0.3,0.2459014128216415,False
5255,G46,1,1.0,0.055262825102564285,0.3548387096774194,0.5895381680618424,1.0,0.8765682280707442,False
5255,G46,1,1.0,0.061959287244946024,0.3548387096774194,0.5949900474184575,1.0,0.8764299410945479,False
5255,G46,1,1.0,0.06877503749292237,0.3548387096774194,0.5927708956453961,1.0,0.8754260630922103,False
55380,G46,1,0.0,0.056479757423613726,0.3387096774193548,0.5952458336837507,0.0,0.20860841707549907,False
55380,G46,1,0.0,0.04992695022787224,0.3387096774193548,0.6012694674483114,0.0,0.21000579940442157,False
55380,G46,1,0.0,0.056312204713948426,0.3387096774193548,0.6052104469115198,0.0,0.20973421329076958,False
55380,G46,1,0.0,0.060343625016261594,0.3387096774193548,0.5883048562725064,0.0,0.2074078787417333,False
66812,L68,1,0.0,0.10262121563644298,0.27419354838709675,0.5666070778987462,0.3,0.22646437896104443,False
66812,L68,1,1.0,0.16515336463312216,0.27419354838709675,0.5120865534286426,1.0,0.8467918596869575,False
66812,L68,1,0.0,0.15955751757899758,0.25806451612903225,0.4878292033008003,0.2,0.19848180020564832,False
66812,L68,1,0.0,0.14135219912799102,0.27419354838709675,0.5135756290998192,0.1,0.19404633092876944,False
72014,G46,1,1.0,0.050588306142989335,0.2903225806451613,0.5491488733255621,1.0,0.8654314608697482,False
72014,G46,1,1.0,0.05142967842119349,0.2903225806451613,0.5720017150608026,1.0,0.8678771796983078,False
72014,G46,1,1.0,0.07147036057974265,0.2903225806451613,0.522606735984531,1.0,0.8601621062277721,False
72014,G46,1,1.0,0.05482989538533075,0.2903225806451613,0.5856957567092691,0.9,0.8579098268854555,False
138707,G46,1,1.0,0.1290956663719898,0.3870967741935484,0.488798797595681,1.0,0.8607555450463599,False
138707,G46,1,0.0,0.07064175692201333,0.3548387096774194,0.5465566302678129,0.0,0.20341706478035765,False
138707,G46,1,0.0,0.11746498271058838,0.3548387096774194,0.46458033012174726,0.0,0.18910600634317537,False
138707,G46,1,0.0,0.1609480128672858,0.3225806451612903,0.45387046650093504,0.0,0.17950034431054884,False
43933,G46,1,0.0,0.21498758925164396,0.2903225806451613,0.3904007758220658,0.0,0.16285952969062034,False
98259,G46,1,0.0,0.05572141008487949,0.3709677419354839,0.6026589930936772,0.0,0.21310059166047574,False
98259,G46,1,1.0,0.07936178032041984,0.3548387096774194,0.5476243933753484,1.0,0.8692334803035942,False
98259,G46,1,1.0,0.11111386934925312,0.3064516129032258,0.508429430920355,1.0,0.8559741304971475,False
98259,G46,1,0.0,0.07213830429144374,0.27419354838709675,0.5692912686752067,0.0,0.1968162791967622,False
41548,G46,1,1.0,0.11985868477061068,0.3225806451612903,0.5015807678217938,1.0,0.8560336364680526,False
41548,G46,1,1.0,0.0796679945843269,0.3064516129032258,0.5720408915499517,1.0,0.8665360566520945,False
41548,G46,1,1.0,0.11573417027433947,0.2903225806451613,0.47476858059572696,1.0,0.8499285545518388,False
41548,G46,1,1.0,0.140330682329513,0.3225806451612903,0.44182088321664337,1.0,0.847118982894269,False
58368,G46,1,1.0,0.02592221862963378,0.3709677419354839,0.6003455629127354,1.0,0.882821231802065,False
58368,G46,1,0.0,0.036930795507729805,0.3709677419354839,0.5868664298226041,0.2,0.23565593069448423,False
58368,G46,1,1.0,0.05007659258068774,0.3709677419354839,0.5976826065542495,0.9,0.8687304173232273,False
58368,G46,1,1.0,0.04520798180371573,0.3709677419354839,0.5936910305637486,1.0,0.8799389767439463,False
30195,G47,1,1.0,0.05840846153312548,0.3709677419354839,0.6044318898510336,1.0,0.8796656855837103,False
30195,G47,1,1.0,0.06486157773240188,0.3709677419354839,0.6113130720604126,0.3,0.8019354706959438,False
30195,G47,1,1.0,0.06712797235977402,0.3709677419354839,0.5951524951616458,1.0,0.8776658071930394,False
30195,G47,1,1.0,0.08545349776554462,0.3709677419354839,0.6037218512094953,1.0,0.8765817883754927,False
36727,L68,1,0.0,0.11026781865798391,0.3709677419354839,0.6030700787584107,0.0,0.20708555578176785,False
36727,L68,1,0.0,0.1085792529076045,0.3548387096774194,0.5675903747407808,0.0,0.20153887016784397,False
36727,L68,1,0.0,0.10868212791671376,0.3709677419354839,0.5999800348377838,0.0,0.206918405428506,False
36727,L68,1,0.0,0.13047635732359533,0.3709677419354839,0.5880001120472452,0.0,0.2031657218510149,False
79170,G46,1,0.0,0.0634292385042788,0.3387096774193548,0.6048236769686351,0.0,0.20890045732041237,False
79170,G46,1,0.0,0.06920656406770714,0.3387096774193548,0.5947879631234952,0.0,0.20714345294168254,False
79170,G46,1,0.0,0.06600861616959199,0.3387096774193548,0.5995687570737158,0.0,0.20802997981371985,False
79170,G46,1,0.0,0.07285562993496499,0.3387096774193548,0.6014923174320359,0.4,0.25192737387960285,False
116988,G47,1,1.0,0.028429473311319828,0.43548387096774194,0.5759704899315792,1.0,0.8870027652875557,False
116988,G47,1,0.0,0.03965081542678277,0.41935483870967744,0.5785249417337235,0.0,0.2175809961129576,False
116988,G47,1,1.0,0.03564478824557515,0.41935483870967744,0.5931627847785348,0.9,0.8752080928047374,False
116988,G47,1,1.0,0.05089746474225739,0.41935483870967744,0.5924937039928272,1.0,0.8845501197733607,False
134805,F42,1,0.0,0.1337018201348849,0.27419354838709675,0.4333922873991648,0.0,0.17487600173904186,False
134805,F42,1,1.0,0.1487248546079773,0.2903225806451613,0.4389995571412384,0.8,0.8200663647976024,False
134805,F42,1,1.0,0.1430264216036094,0.3064516129032258,0.4153636125737423,1.0,0.8420876448748176,False
134805,F42,1,1.0,0.14941017801201978,0.3064516129032258,0.4335281587760801,1.0,0.8433966215185874,False
61039,G46,1,0.0,0.00800828946325988,0.7419354838709677,0.5597392974059954,0.8,0.3437407213126337,False
61039,G46,1,1.0,0.0350060348424647,0.3548387096774194,0.585546618698823,1.0,0.8783754770593085,False
61039,G46,1,1.0,0.05109672322062123,0.3548387096774194,0.6010236603681918,1.0,0.8783072940916655,False
61039,G46,1,1.0,0.054702431874405585,0.3548387096774194,0.5719735444614042,1.0,0.874678869140491,False
110466,G46,1,1.0,0.0027877139915991242,0.8064516129032258,0.597207337054974,0.9,0.9223190262185113,False
110466,G46,1,1.0,0.11688027715324298,0.6129032258064516,0.46243810683478903,1.0,0.8842734506097776,False
110466,G46,1,1.0,0.12386310025590003,0.5483870967741935,0.47985080014667403,1.0,0.8782638662961076,False
110466,G46,1,0.0,0.12858729176122555,0.5645161290322581,0.47048081248135,0.5,0.26737884997248695,False
24140,G46,1,1.0,0.04489661783372714,0.4032258064516129,0.5907241049777725,1.0,0.883228143732851,False
24140,G46,1,1.0,0.04632366798274936,0.4032258064516129,0.5846537434045538,1.0,0.8823950979859353,False
24140,G46,1,1.0,0.05420749315171322,0.4032258064516129,0.5880458392850066,1.0,0.8818960169538785,False
24140,G46,1,1.0,0.05764950928381805,0.4032258064516129,0.5730349540901084,1.0,0.8798456945842115,False
67568,G46,1,1.0,0.007015211099075691,0.7580645161290323,0.5998042492880676,1.0,0.9278726171464471,False
67568,G46,1,1.0,0.036898175547964325,0.3709677419354839,0.5975979842711562,1.0,0.8812963945176306,False
67568,G46,1,1.0,0.06207550856107785,0.3709677419354839,0.6008342162017923,1.0,0.8788584943973554,False
67568,G46,1,1.0,0.02533354407118141,0.3548387096774194,0.5891309878162472,1.0,0.8798484614913872,False
93890,G46,1,1.0,0.12754078126266685,0.3225806451612903,0.48778377938166406,1.0,0.8536470714755875,False
93890,G46,1,1.0,0.10843734127956539,0.3225806451612903,0.540912011984028,1.0,0.8616728128739726,False
93890,G46,1,0.0,0.17658107541671222,0.3225806451612903,0.38792778382577964,0.2,0.19265859484115086,False
93890,G46,1,0.0,0.21052525150471196,0.2903225806451613,0.3980072074922133,0.0,0.16420050407029585,False
102403,L68,1,1.0,0.003522329261230106,0.8064516129032258,0.5537947664554975,1.0,0.9285248944552771,False
102403,L68,1,1.0,0.046473824449506235,0.43548387096774194,0.5580108165605898,1.0,0.8830023181198695,False
102403,L68,1,1.0,0.039612638036073636,0.43548387096774194,0.5693398982167772,1.0,0.8850234590164939,False
102403,L68,1,1.0,0.05794909381883501,0.43548387096774194,0.5512976700872181,1.0,0.8809813830262362,False
54625,G46,1,0.0,0.047120982700435944,0.3548387096774194,0.6032869966670775,0.0,0.21233385818267342,False
54625,G46,1,0.0,0.05250969553517427,0.3548387096774194,0.5996235599353865,0.0,0.2113280637864035,False
54625,G46,1,0.0,0.06056931639788171,0.3548387096774194,0.601238219923679,0.0,0.21061195702257962,False
54625,G46,1,0.0,0.05604884754781554,0.3548387096774194,0.5982893451995609,0.0,0.2107865785921294,False
59941,G46,1,1.0,0.005598731112608115,0.7419354838709677,0.6085227075069497,1.0,0.9272066066961455,False
59941,G46,1,1.0,0.03591658582075376,0.3709677419354839,0.603796801672278,1.0,0.8820942175318898,False
59941,G46,1,1.0,0.04765698861894794,0.3709677419354839,0.6067786572288754,1.0,0.8811210456161568,False
59941,G46,1,1.0,0.045177242073945655,0.3709677419354839,0.6130925383173504,1.0,0.8820981153532099,False
117639,L68,1,1.0,0.0215047069687053,0.3709677419354839,0.602059705634263,1.0,0.8835025267334491,False
117639,L68,1,1.0,0.04701090832619078,0.3709677419354839,0.5562431298264559,1.0,0.8755777737150833,False
117639,L68,1,1.0,0.03601678972734743,0.3709677419354839,0.6058709611938871,1.0,0.8823135459335583,False
117639,L68,1,1.0,0.06243925154305759,0.3709677419354839,0.6087876919158008,1.0,0.8797017980342474,False
125209,F42,1,1.0,0.04459006801221382,0.4032258064516129,0.6078097888831412,1.0,0.8851606141469489,False
125209,F42,1,1.0,0.05611871171190581,0.4032258064516129,0.6027957945740097,0.9,0.8722114321459685,False
125209,F42,1,1.0,0.05655152312983367,0.4032258064516129,0.6036004089366991,0.4,0.8166971880287198,False
125209,F42,1,0.0,0.05037537176443499,0.4032258064516129,0.6042474435014327,0.2,0.23967754202095673,False
15858,G46,1,0.0,0.06408125894599391,0.3709677419354839,0.5950511774189553,0.0,0.21132640671204947,False
15858,G46,1,0.0,0.05565914931669385,0.3709677419354839,0.5872781822131562,0.0,0.2113985305368829,False
15858,G46,1,0.0,0.0424942225929025,0.3709677419354839,0.5912170700575783,0.0,0.21329895437779553,False
2993,G46,1,1.0,0.21003163093187752,0.2903225806451613,0.4275135816882596,1.0,0.8342005034890604,False
2993,G46,1,0.0,0.13458371136482325,0.24193548387096775,0.5796574162447561,0.0,0.1874454654167667,False
2993,G46,1,0.0,0.1561751324917213,0.25806451612903225,0.5883091906908825,0.0,0.1877998415920215,False
2993,G46,1,0.0,0.1539666256448243,0.25806451612903225,0.580967106149836,0.0,0.18722944407044934,False
4834,G46,1,1.0,0.0725512571015335,0.3709677419354839,0.5871442706160623,1.0,0.8761734172722236,False
4834,G46,1,1.0,0.13087249878521884,0.3387096774193548,0.45995487736071927,1.0,0.8519768951105395,False
4834,G46,1,1.0,0.09672286441988451,0.3548387096774194,0.5193697497476526,1.0,0.8641650661116874,False
4834,G46,1,1.0,0.10816292416739175,0.3387096774193548,0.5599351604510457,1.0,0.8656091015225565,False
138788,G46,1,1.0,0.12151101042100693,0.3387096774193548,0.48866700719339234,0.5,0.80065174157686,False
113407,G47,1,1.0,0.016274615187264137,0.3870967741935484,0.6035446843403967,0.5,0.830485204816298,False
113407,G47,1,0.0,0.024149915242209326,0.3870967741935484,0.60478931290186,0.4,0.26308179687257766,False
113407,G47,1,1.0,0.047760136595291096,0.3870967741935484,0.5985720645687697,1.0,0.8819898557963364,False
113407,G47,1,1.0,0.027620610164426615,0.3870967741935484,0.5924605909536098,0.6,0.8391040838869701,False
72108,G46,1,1.0,0.1343378260111834,0.3709677419354839,0.5124243986797556,1.0,0.8610060349560062,False
72108,G46,1,1.0,0.12701661210064055,0.3387096774193548,0.4814918073435551,1.0,0.8547983191846966,False
72108,G46,1,1.0,0.1615291076781821,0.3387096774193548,0.45068792804430524,0.9,0.8364298330872754,False
72108,G46,1,1.0,0.10348175573685062,0.3548387096774194,0.5536770240593383,1.0,0.8672259975555452,False
146878,G46,1,0.0,0.057765891620243204,0.3709677419354839,0.5980653040740156,0.0,0.21236301715436182,False
146878,G46,1,0.0,0.06261175900102078,0.3709677419354839,0.5935073952552049,0.0,0.21131815313218535,False
146878,G46,1,0.0,0.10736526161693924,0.3225806451612903,0.4882703438932967,0.1,0.20038730304862754,False
14454,F42,1,0.0,0.010293080537651737,0.7258064516129032,0.5856587414196299,0.1,0.26679690138832013,False
14454,F42,1,1.0,0.06381258570292364,0.3548387096774194,0.6038048018315216,1.0,0.8772034362006685,False
14454,F42,1,1.0,0.06683232215794721,0.3548387096774194,0.5786020793731195,0.5,0.8185120518769546,False
14454,F42,1,1.0,0.07646392604341541,0.3548387096774194,0.599033367761123,1.0,0.8752675723772363,False
30303,G46,1,1.0,0.03492628249368662,0.4032258064516129,0.6084186016414415,0.9,0.8751909028443742,False
30303,G46,1,1.0,0.04725901110609699,0.4032258064516129,0.6038824157936133,0.8,0.8622054679043477,False
30303,G46,1,1.0,0.06339036413471023,0.4032258064516129,0.599395474789741,0.8,0.8599145463451827,False
30303,G46,1,1.0,0.052596017106848164,0.4032258064516129,0.5974871595038578,1.0,0.8831241054276249,False
85362,G47,1,1.0,0.08833080129778474,0.3548387096774194,0.5580908464571501,1.0,0.8693998616485317,False
85362,G47,1,1.0,0.10303201862188437,0.3387096774193548,0.5425278662311825,1.0,0.864245058336517,False
85362,G47,1,1.0,0.1274461934689023,0.3064516129032258,0.4880059445301939,1.0,0.8518901515516131,False
85362,G47,1,1.0,0.13124223103603763,0.2903225806451613,0.4519253420419215,1.0,0.8456672990723383,False
146339,G47,1,0.0,0.08249225283720021,0.3870967741935484,0.6024509594148297,0.0,0.21189505341901976,False
146339,G47,1,1.0,0.11887711887639266,0.3548387096774194,0.5128387393221363,1.0,0.8609778144581292,False
146339,G47,1,0.0,0.13076016436734933,0.3709677419354839,0.48327757601199206,0.0,0.19149835039779184,False
146339,G47,1,0.0,0.0923759134545616,0.3548387096774194,0.5866974411227117,0.0,0.20546224859395215,False
122048,G46,1,1.0,0.1296747025639954,0.3387096774193548,0.5480736567185664,1.0,0.8619009590637696,False
122048,G46,1,1.0,0.15047319689411098,0.3225806451612903,0.5052253066860024,0.9,0.8419258616614647,False
122048,G46,1,0.0,0.19167524839727096,0.3064516129032258,0.45272294409322605,0.0,0.17416658984435343,False
122048,G46,1,1.0,0.1301126996633916,0.3064516129032258,0.5491661581272621,1.0,0.8583894523741218,False
36427,G46,1,0.0,0.09568021728991256,0.4032258064516129,0.6024037438982658,0.1,0.22332770367332955,False
36427,G46,1,0.0,0.09557007636204765,0.4032258064516129,0.5940723037496902,0.0,0.21130311487102837,False
36427,G46,1,0.0,0.06745635821725636,0.4032258064516129,0.5952458336837507,0.0,0.21455725354645636,False
36427,G46,1,0.0,0.06528419550387159,0.4032258064516129,0.6015397133462144,0.0,0.21549792492155062,False
12760,F42,1,1.0,0.003518880189181898,0.7903225806451613,0.5991920023939242,1.0,0.931777300316656,False
12760,F42,1,1.0,0.027186842991221604,0.41935483870967744,0.5943671397378015,1.0,0.8873927928284729,False
12760,F42,1,1.0,0.03797673460096817,0.41935483870967744,0.5952030918487334,1.0,0.886286799550827,False
12760,F42,1,1.0,0.046701076629386974,0.41935483870967744,0.5861010748317779,1.0,0.8843060929902298,False
37680,G46,1,1.0,0.07695361908854952,0.3709677419354839,0.5943763818682218,1.0,0.8764878338572396,False
37680,G46,1,1.0,0.057285544928340565,0.3709677419354839,0.591745545936633,1.0,0.8783808603270863,False
37680,G46,1,1.0,0.11526414717714661,0.3709677419354839,0.5816023779358175,1.0,0.870811774743795,False
37680,G46,1,1.0,0.10694709804045471,0.3709677419354839,0.5744457383446031,1.0,0.8709407091377369,False
1691,G46,1,1.0,0.04183803544859695,0.3709677419354839,0.5960699111034389,0.9,0.8694666241767028,False
1691,G46,1,0.0,0.058653858199696964,0.3709677419354839,0.5981073568725893,0.0,0.21226902673426404,False
1691,G46,1,1.0,0.07872271324847097,0.3709677419354839,0.6008500560337373,0.6,0.8325661205245277,False
1691,G46,1,0.0,0.05139346466137599,0.3709677419354839,0.5926839481287989,0.0,0.21247313615587854,False
65557,F42,1,1.0,0.005205773966317713,0.7419354838709677,0.6079759941523908,1.0,0.9271895226730046,False
65557,F42,1,1.0,0.04191377523935428,0.3709677419354839,0.6042042270791205,1.0,0.8814731326416944,False
65557,F42,1,1.0,0.03492517890645415,0.3709677419354839,0.5983951385377201,1.0,0.8816041890629722,False
65557,F42,1,1.0,0.04969761534029042,0.3709677419354839,0.6059868545426246,1.0,0.8808063312375354,False
84443,G47,1,1.0,0.04408078045950021,0.3548387096774194,0.5941563251084986,1.0,0.8783238060362685,False
84443,G47,1,0.0,0.06572184616016527,0.3548387096774194,0.5835959582625783,0.0,0.20807920241998137,False
84443,G47,1,1.0,0.06136095435855008,0.3548387096774194,0.5872019040341205,0.9,0.8645199621503322,False
84443,G47,1,1.0,0.07727503806307211,0.3548387096774194,0.5861744402619453,0.9,0.8626375679862548,False
71276,G47,1,1.0,0.05743720125582597,0.4032258064516129,0.5802366449664802,0.9,0.8695583611291409,False
71276,G47,1,1.0,0.03346482952233647,0.3870967741935484,0.5920361034439733,1.0,0.8828520053461317,False
71276,G47,1,1.0,0.04129687985305345,0.4032258064516129,0.5965268650500286,0.8,0.8620506435165098,False
71276,G47,1,1.0,0.028531933381174795,0.3870967741935484,0.587645150326881,1.0,0.8829122212376949,False
22351,G46,1,0.0,0.014831198778617695,0.41935483870967744,0.5946266016596933,0.0,0.22212780462119477,False
22351,G46,1,0.0,0.033257403014044305,0.41935483870967744,0.5980074808664964,0.1,0.2315672129513477,False
22351,G46,1,1.0,0.03605187422501251,0.41935483870967744,0.596054272055328,1.0,0.8865952485044436,False
22351,G46,1,0.0,0.03764748522610026,0.41935483870967744,0.5834510588462858,0.1,0.22946204581442922,False
1273,G47,1,0.0,0.09558149602501259,0.3387096774193548,0.585291451487223,0.0,0.2031577369868406,False
1273,G47,1,1.0,0.15468299717703005,0.2903225806451613,0.4544410377275493,1.0,0.8433422912439644,False
1273,G47,1,1.0,0.13619198088960277,0.25806451612903225,0.5134872299658433,0.9,0.8372621961339193,False
1273,G47,1,0.0,0.111483051897095,0.3064516129032258,0.5873063396337033,0.0,0.19803054451553714,False
28012,G46,1,1.0,0.1563039366439786,0.2903225806451613,0.41541750359522567,1.0,0.8388262386218232,False
28012,G46,1,0.0,0.16147396190612048,0.27419354838709675,0.48233942756810566,0.2,0.1994510015610091,False
28012,G46,1,1.0,0.13459674520861048,0.3225806451612903,0.4317782902176953,1.0,0.846640243352264,False
28012,G46,1,1.0,0.19379167025376756,0.27419354838709675,0.4205057119227855,1.0,0.8334341766729018,False
118163,G47,1,1.0,0.06634473784022729,0.3870967741935484,0.5737859984085845,1.0,0.8771708927513228,False
118163,G47,1,1.0,0.1396985194919228,0.3709677419354839,0.4775526910186666,1.0,0.8565357681624698,False
118163,G47,1,1.0,0.12100479371249827,0.3225806451612903,0.48749687922686263,1.0,0.8543414145195172,False
118163,G47,1,1.0,0.10148206293038313,0.3709677419354839,0.5324992292998022,1.0,0.8668872120338781,False
90461,G47,1,0.0,0.060734462722426295,0.3870967741935484,0.5968342498942636,0.1,0.2247996179294873,False
90461,G47,1,0.0,0.08917265207095497,0.3870967741935484,0.6022523226179136,0.2,0.23335293830450082,False
90461,G47,1,0.0,0.07155933432195807,0.3870967741935484,0.6121440261793141,0.0,0.2141868295612116,False
90461,G47,1,1.0,0.12594547190398653,0.3387096774193548,0.4922369758286039,0.9,0.8450001312604414,False
134148,G46,1,0.0,0.03790451941214,0.4032258064516129,0.6011354810400156,0.2,0.24071741867549873,False
134148,G46,1,0.0,0.026254227492645815,0.4032258064516129,0.6044702313779335,0.0,0.2201602011485445,False
134148,G46,1,0.0,0.033102626888013915,0.4032258064516129,0.5998446082325315,0.0,0.21888530975512563,False
134148,G46,1,0.0,0.05758987221865844,0.3870967741935484,0.5697040704509411,0.0,0.21102344138064788,False
26495,G46,1,1.0,0.003750250275993308,0.7258064516129032,0.6037455765555675,1.0,0.9250890864324975,False
26495,G46,1,1.0,0.06577240176325042,0.532258064516129,0.5805224814806413,1.0,0.8941120160259466,False
26495,G46,1,1.0,0.06064811355427022,0.5,0.5829279542934318,1.0,0.8913644267487957,False
26495,G46,1,1.0,0.10037792925275375,0.45161290322580644,0.5356193549536946,1.0,0.8763171476585274,False
77929,G46,1,1.0,0.0207728680789748,0.8064516129032258,0.5879540585838254,1.0,0.9304036448231197,False
77929,G46,1,1.0,0.08681308130194806,0.5645161290322581,0.5149434356792819,1.0,0.8880718314899547,False
77929,G46,1,1.0,0.11504386169667329,0.5,0.5034167148540596,1.0,0.876485872573043,False
77929,G46,1,1.0,0.04090755367486333,0.43548387096774194,0.5885699202946904,1.0,0.8870162486208409,False
38880,F42,1,1.0,0.04328490235870037,0.41935483870967744,0.5955864662295459,0.8,0.8635173780645025,False
38880,F42,1,1.0,0.04528801292989257,0.41935483870967744,0.6031800970772896,1.0,0.8863607692063415,False
38880,F42,1,1.0,0.059563337062281736,0.4032258064516129,0.5991941797509415,1.0,0.8825396276822526,False
38880,F42,1,1.0,0.025336075650313535,0.41935483870967744,0.6040269259613702,1.0,0.8886717432245259,False
90384,F42,1,0.0,0.08323023412481842,0.3870967741935484,0.5786458292427601,0.0,0.20916804103461,False
90384,F42,1,1.0,0.08833310615676683,0.3870967741935484,0.5200766082352588,0.9,0.8576489195857824,False
90384,F42,1,1.0,0.05698292038203281,0.3709677419354839,0.5668866217205684,0.9,0.8645412714748911,False
90384,F42,1,0.0,0.06876646132872571,0.3870967741935484,0.5823806454474109,0.6,0.2778567731458037,False
43327,G47,1,1.0,0.044992016223471584,0.3709677419354839,0.5743118011020385,1.0,0.8778097252015613,False
43327,G47,1,1.0,0.061396160509040607,0.3709677419354839,0.5717677712310512,0.9,0.8645932614063883,False
43327,G47,1,1.0,0.047869506075290655,0.3709677419354839,0.5935118310528444,0.9,0.8685122296570043,False
43327,G47,1,1.0,0.08996239985860657,0.3709677419354839,0.5706046042484574,0.9,0.8612899940361483,False
91282,F42,1,0.0,0.02859894325694723,0.45161290322580644,0.5823858454685296,0.0,0.22282220060415428,False
91282,F42,1,1.0,0.05732018380035985,0.45161290322580644,0.566182202617799,1.0,0.8844972135603606,False
91282,F42,1,0.0,0.029434424222022564,0.41935483870967744,0.5847184352310651,0.0,0.21940431663541332,False
91282,F42,1,1.0,0.05410323435756959,0.43548387096774194,0.5801241781940614,0.4,0.8179449794226927,False
110759,G46,1,0.0,0.03955626203761591,0.3709677419354839,0.6005257535671646,0.3,0.24799302594055916,False
110759,G46,1,0.0,0.040821432244881564,0.3709677419354839,0.5925943583524538,0.0,0.21363785200478402,False
110759,G46,1,0.0,0.0402783817531843,0.3709677419354839,0.5874930560385636,0.0,0.2131313795800959,False
110759,G46,1,0.0,0.048052130054849394,0.3709677419354839,0.6044363738752909,0.0,0.21415022063954725,False
124123,F42,1,0.0,0.05045320464724504,0.3548387096774194,0.6096567955449299,0.8,0.30156025561945604,False
124123,F42,1,1.0,0.052367683486094836,0.3548387096774194,0.5993576650999639,1.0,0.8779809656990321,False
124123,F42,1,1.0,0.0457546883404997,0.3548387096774194,0.6049793019872063,1.0,0.8793403692582361,False
124123,F42,1,0.0,0.06885317084179253,0.3548387096774194,0.6003109120990859,0.2,0.23181071677052367,False
27849,F42,1,1.0,0.14610767848229705,0.3870967741935484,0.534729291058162,0.9,0.8528575985299348,False
27849,F42,1,1.0,0.18990394537921326,0.3870967741935484,0.4330782446647865,0.9,0.8366967859421246,False
27849,F42,1,0.0,0.15921823075935457,0.3709677419354839,0.4550601615002838,0.0,0.18520107474182368,False
55719,G47,1,1.0,0.07693328250267427,0.3870967741935484,0.5570339579406216,1.0,0.874133049959055,False
55719,G47,1,1.0,0.11673514302519626,0.3387096774193548,0.5298142316843935,1.0,0.8613098628976169,False
55719,G47,1,1.0,0.12831483560623255,0.3548387096774194,0.4774411558051629,1.0,0.8559961144307056,False
55719,G47,1,1.0,0.13512780415550904,0.3064516129032258,0.47615200546783465,1.0,0.8497195349128391,False
33138,L68,1,1.0,0.0034682773761575093,0.7741935483870968,0.6089529654666337,1.0,0.9310753596086193,False
33138,L68,1,1.0,0.05963145969266416,0.5483870967741935,0.5088782336796616,1.0,0.8886259856401324,False
33138,L68,1,1.0,0.08539344811591919,0.5645161290322581,0.5172902488823818,1.0,0.8884903255331912,False
33138,L68,1,1.0,0.12145884397507516,0.532258064516129,0.5024220716062153,1.0,0.8792468102385854,False
64007,L68,1,0.0,0.14556744949659628,0.41935483870967744,0.5702674559018837,0.3,0.23822831612388498,False
64007,L68,1,0.0,0.1217882087722098,0.43548387096774194,0.5241912670248108,0.3,0.23754299213559366,False
64007,L68,1,0.0,0.13159728116418498,0.4032258064516129,0.48905604723939594,0.5,0.25118717472520263,False
132208,G47,1,1.0,0.03018686792100381,0.41935483870967744,0.5967992752646355,0.8,0.865107471783701,False
132208,G47,1,1.0,0.043701323828359874,0.41935483870967744,0.5964042586515497,1.0,0.8857841970592074,False
132208,G47,1,1.0,0.03390344299707196,0.41935483870967744,0.5955895995992186,1.0,0.8867823328124248,False
132208,G47,1,0.0,0.035077558205990914,0.41935483870967744,0.5704833425614156,0.5,0.2727511803405669,False
130839,G46,1,1.0,0.04490395599897063,0.3709677419354839,0.6114146781965546,1.0,0.8819420515703409,False
130839,G46,1,0.0,0.035651967687078914,0.3870967741935484,0.5973991856337135,0.1,0.22764933246002034,False
130839,G46,1,1.0,0.030380658159476798,0.3709677419354839,0.6027050958018987,1.0,0.8825880199531007,False
130839,G46,1,1.0,0.035027435528164334,0.3870967741935484,0.5993921747681492,1.0,0.883495723714837,False
42714,G47,1,0.0,0.05095741628537051,0.3870967741935484,0.6171109908033363,0.0,0.2170278165235016,False
42714,G47,1,0.0,0.029147420311250973,0.3387096774193548,0.5919611245690557,0.0,0.2112803757419066,False
42714,G47,1,0.0,0.06894356939634165,0.3387096774193548,0.6088811666959351,0.0,0.20873858607988313,False
42714,G47,1,0.0,0.06388681848954705,0.3225806451612903,0.6013861504365532,0.0,0.20667555301203294,False
102290,G47,1,0.0,0.05532791374211647,0.3870967741935484,0.5986609814886719,0.0,0.21449220466001154,False
102290,G47,1,1.0,0.04604185718907157,0.3870967741935484,0.5970899147488828,0.7,0.8486827590837066,False
102290,G47,1,0.0,0.06898165974855971,0.3870967741935484,0.5975868576281447,0.2,0.23507799689701483,False
102290,G47,1,1.0,0.07404817463548335,0.3870967741935484,0.564609905247496,1.0,0.8752953894228401,False
123775,F42,1,1.0,0.09252106912463391,0.41935483870967744,0.5040979965543245,1.0,0.8701035295710409,False
123775,F42,1,1.0,0.0938969172119561,0.43548387096774194,0.5271466171110619,1.0,0.8743037300963165,False
123775,F42,1,1.0,0.10999410054982423,0.41935483870967744,0.483386957642224,1.0,0.8658608550891196,False
123775,F42,1,1.0,0.12852723538917568,0.43548387096774194,0.4620573410539892,1.0,0.863223775181395,False
8077,G46,1,0.0,0.11129530121449317,0.3870967741935484,0.5159924423080091,0.1,0.21019932392078494,False
8077,G46,1,1.0,0.12632227030993973,0.3709677419354839,0.5260768779200646,1.0,0.8634135943939565,False
8077,G46,1,0.0,0.1511241352513738,0.2903225806451613,0.5125179552746254,0.0,0.18352404451871257,False
8077,G46,1,0.0,0.125984986431639,0.3064516129032258,0.5499114180380298,0.1,0.2033753382788463,False
36306,G47,1,0.0,0.06722271453945473,0.3548387096774194,0.5984378994533737,0.0,0.20956154384348202,False
36306,G47,1,0.0,0.06939939089314602,0.3548387096774194,0.603789645838157,0.0,0.20991432940249227,False
36306,G47,1,0.0,0.07217895812960531,0.3548387096774194,0.6004483662623408,0.1,0.22034534642335055,False
113679,G46,1,0.0,0.0274732927455713,0.43548387096774194,0.5983922499249139,0.0,0.2229336475718983,False
113679,G46,1,0.0,0.015474021698662885,0.43548387096774194,0.6015555127206569,0.0,0.22461837355441508,False
113679,G46,1,0.0,0.035418210070845425,0.43548387096774194,0.5885261834486311,0.0,0.22095464937172526,False
113679,G46,1,0.0,0.024970345618365447,0.43548387096774194,0.5992398257534545,0.0,0.22330592790031456,False
74043,F42,1,1.0,0.056977905763573325,0.41935483870967744,0.602802700505332,1.0,0.8850199592723818,False
74043,F42,1,1.0,0.03552970323186128,0.4032258064516129,0.5884609937470529,1.0,0.8840174552185338,False
74043,F42,1,1.0,0.02853881219831116,0.41935483870967744,0.5958887987186496,1.0,0.8874116472477795,False
74043,F42,1,1.0,0.058671390210927876,0.4032258064516129,0.5771927054852113,1.0,0.8801941246362107,False
105487,G46,1,1.0,0.038787787040679325,0.3548387096774194,0.5878491589245977,1.0,0.8782111201734819,False
105487,G46,1,1.0,0.046556451930373305,0.3548387096774194,0.6004008654418441,1.0,0.87874256924321,False
105487,G46,1,1.0,0.06760463895150134,0.3548387096774194,0.5988580332512663,1.0,0.8762324559974649,False
105487,G46,1,1.0,0.05545536036218485,0.3548387096774194,0.6024688539249634,1.0,0.8779835781377998,False
105532,F42,1,0.0,0.07373175427733657,0.3709677419354839,0.5937370833415583,0.0,0.21010811899996729,False
105532,F42,1,0.0,0.03666037275739459,0.3709677419354839,0.5921324276086102,0.0,0.21404886630963327,False
105532,F42,1,0.0,0.07883604002816476,0.3709677419354839,0.5830303695323344,0.0,0.2083513412710726,False
116559,F42,1,1.0,0.06296712609118955,0.41935483870967744,0.6043598378085313,0.7,0.8511941722696688,False
116559,F42,1,1.0,0.055958446090439345,0.43548387096774194,0.5971527859599258,1.0,0.8862975789819143,False
116559,F42,1,1.0,0.05846888231342712,0.43548387096774194,0.5989410367958299,0.9,0.8751062250500161,False
116559,F42,1,1.0,0.0665054312336334,0.43548387096774194,0.6006570618400523,0.7,0.8521817223971291,False
149292,F42,1,0.0,0.042389744176540664,0.4032258064516129,0.5870744366159224,0.0,0.21643449987677718,False
149292,F42,1,0.0,0.026869187116458266,0.4032258064516129,0.6007053043133123,0.0,0.2196735470720519,False
149292,F42,1,1.0,0.03284982080906726,0.3709677419354839,0.6018380562248524,0.8,0.8599951085945854,False
149292,F42,1,0.0,0.034962205732518695,0.3709677419354839,0.5873071281714882,0.0,0.21370140715271704,False
45750,F42,1,1.0,0.0045992948389518,0.7903225806451613,0.5798481538076535,1.0,0.9295079377348736,False
45750,F42,1,1.0,0.07446991425795255,0.6290322580645161,0.5168724092310115,1.0,0.8968260836708417,False
45750,F42,1,1.0,0.08555128678071608,0.5806451612903226,0.49675050951722566,1.0,0.8879827093363146,False
45750,F42,1,1.0,0.03852139026402658,0.4032258064516129,0.5958402629876598,0.9,0.873393853241694,False
79211,G46,1,1.0,0.08102307009737805,0.3870967741935484,0.6006441042905417,1.0,0.8785242009318569,False
79211,G46,1,1.0,0.04376494605160218,0.3709677419354839,0.6140848229400552,1.0,0.8823652909804375,False
79211,G46,1,1.0,0.05877391028730728,0.3709677419354839,0.6041816754381495,0.8,0.8573750563429251,False
79211,G46,1,0.0,0.07328725810947867,0.3870967741935484,0.5971542078392577,0.0,0.21232930265814748,False
147500,G46,1,0.0,0.004104781904531744,0.7580645161290323,0.594530998323789,0.0,0.26094341472758775,False
147500,G46,1,0.0,0.036895604814833644,0.3709677419354839,0.5737774853435562,0.0,0.21198329138491184,False
147500,G46,1,0.0,0.031353545354285695,0.3709677419354839,0.5720164755745971,0.6,0.27907007468397727,False
147500,G46,1,1.0,0.03250074354448798,0.3709677419354839,0.5976477670114242,0.5,0.8262349739336022,False
94705,F42,1,0.0,0.06477959046952644,0.4032258064516129,0.6137336325883496,0.0,0.21690887206338177,False
94705,F42,1,0.0,0.10027159488246308,0.3870967741935484,0.6042525180125178,0.3,0.24345307748040035,False
94705,F42,1,0.0,0.09226226383843258,0.4032258064516129,0.5984954492002446,0.6,0.2788287768681583,False
68675,G46,1,1.0,0.04999035120948338,0.3709677419354839,0.6056556951660688,1.0,0.8807370095435633,False
68675,G46,1,1.0,0.046960951171491454,0.3709677419354839,0.5915160919858986,0.3,0.8017247647499879,False
68675,G46,1,1.0,0.0517480977895497,0.3709677419354839,0.6061783149745446,1.0,0.8805997732356088,False
68675,G46,1,1.0,0.034852583280137996,0.3709677419354839,0.5930846600907804,0.9,0.8699110909717919,False
149693,G47,1,1.0,0.002446158568528927,0.8225806451612904,0.6026382097622875,1.0,0.9358636329283387,False
149693,G47,1,1.0,0.03055070488905462,0.45161290322580644,0.5772543818784028,1.0,0.8887018422461282,False
149693,G47,1,1.0,0.036603286045263896,0.45161290322580644,0.5796258259252361,1.0,0.8882928270117532,False
149693,G47,1,1.0,0.05056610358848649,0.45161290322580644,0.5908443930854701,1.0,0.8879879103025322,False
104078,F42,1,1.0,0.052381797935719815,0.3709677419354839,0.599322866030132,0.9,0.8686565344477662,False
104078,F42,1,0.0,0.06766771357785471,0.3709677419354839,0.5755213096732601,0.0,0.2087579264478766,False
104078,F42,1,1.0,0.06767952679726574,0.3548387096774194,0.6061383495181822,1.0,0.8770330591553707,False
104078,F42,1,1.0,0.05655986840764947,0.3548387096774194,0.6059468170534262,1.0,0.878247295369244,False
144888,G47,1,1.0,0.0766986905834805,0.45161290322580644,0.5532877417152284,1.0,0.8809113282619505,False
144888,G47,1,1.0,0.10989545790917357,0.45161290322580644,0.5462293121940571,1.0,0.8764385286122989,False
144888,G47,1,1.0,0.10095212105240135,0.46774193548387094,0.4895466022529345,1.0,0.8729262685204894,False
144888,G47,1,1.0,0.1469627578519425,0.43548387096774194,0.528766076251338,1.0,0.8685874654852375,False
117524,G47,1,1.0,0.002016472406682747,0.8387096774193549,0.5829285469310145,1.0,0.935513527993743,False
117524,G47,1,1.0,0.07404078820569478,0.5967741935483871,0.5056373231012108,0.8,0.8698189698271004,False
117524,G47,1,1.0,0.10518234099407554,0.5967741935483871,0.5620513835324041,1.0,0.8948492484540795,False
117524,G47,1,1.0,0.09343073634360229,0.5967741935483871,0.501605647804098,1.0,0.8894387894454314,False
88325,G46,1,0.0,0.003540323612255884,0.8064516129032258,0.5860724565452375,0.9,0.36544263842624525,False
88325,G46,1,1.0,0.10497818510557062,0.5806451612903226,0.48010321178389664,1.0,0.8839744653298499,False
88325,G46,1,1.0,0.13612516455491205,0.5161290322580645,0.4587587632440985,1.0,0.8709736256608056,False
88325,G46,1,1.0,0.15301231267957519,0.4838709677419355,0.42275622530153845,1.0,0.8615127644848778,False
68695,G46,1,0.0,0.0847774675695219,0.3387096774193548,0.5507109716475098,0.0,0.2005159090552603,False
68695,G46,1,0.0,0.07546125356776504,0.3387096774193548,0.5785093663828436,0.0,0.2046397544704926,False
126516,G46,1,0.0,0.06480231369186155,0.3709677419354839,0.5972664897334022,0.2,0.23371465755300275,False
126516,G46,1,1.0,0.04442983593704098,0.3709677419354839,0.5677827397345183,1.0,0.8771467384147734,False
126516,G46,1,1.0,0.05786241993121904,0.3709677419354839,0.5927052692017867,1.0,0.8784233990228947,False
126516,G46,1,1.0,0.05665749625964964,0.3870967741935484,0.6055953426742953,1.0,0.8817816245120215,False
16890,G46,1,0.0,0.03874370881599511,0.41935483870967744,0.6025123888645041,0.0,0.22034705763979848,False
16890,G46,1,0.0,0.056203786194658455,0.4032258064516129,0.5685707942241701,0.0,0.2128436460534583,False
105237,F42,1,1.0,0.003871045731418893,0.8225806451612904,0.5886093337272746,1.0,0.9341465481285718,False
105237,F42,1,1.0,0.01853688223257032,0.45161290322580644,0.5768091746148354,1.0,0.8899872439564523,False
105237,F42,1,1.0,0.01567080856106053,0.45161290322580644,0.5830533232225646,1.0,0.8909994908763679,False
105237,F42,1,1.0,0.05318687113097934,0.45161290322580644,0.5419982431621372,1.0,0.8822693639174405,False
18919,G47,1,1.0,0.10328488523818215,0.3870967741935484,0.5260087730354788,1.0,0.8677578513323161,False
18919,G47,1,1.0,0.2171046155405371,0.3709677419354839,0.37237701024591097,1.0,0.8362489040712064,False
18919,G47,1,1.0,0.215938643660544,0.3709677419354839,0.37157837820509976,1.0,0.8362897196088933,False
18919,G47,1,1.0,0.17453785633034244,0.3548387096774194,0.4192283899594115,1.0,0.8443921381451653,False
83302,G47,1,1.0,0.003383470425067984,0.7741935483870968,0.5929074278930817,1.0,0.9293019450950122,False
83302,G47,1,1.0,0.041495304506985596,0.3870967741935484,0.6023242469282883,1.0,0.8831028574016501,False
83302,G47,1,1.0,0.0704741962191617,0.3870967741935484,0.5742486256864268,1.0,0.8767634670734237,False
83302,G47,1,1.0,0.049545081198150556,0.3870967741935484,0.603226123354092,1.0,0.8823086462610543,False
37917,G46,1,1.0,0.003199857565958908,0.7580645161290323,0.5903445863968108,1.0,0.9272454716622094,False
37917,G46,1,1.0,0.020690440933310943,0.3870967741935484,0.5884373807866647,1.0,0.883871523782989,False
37917,G46,1,1.0,0.04782447453843568,0.3870967741935484,0.6026825379587828,1.0,0.8824394264015439,False
37917,G46,1,1.0,0.04537097574908708,0.3870967741935484,0.5787926639283394,1.0,0.8800576069303112,False
60130,G46,1,0.0,0.035876406635473264,0.3870967741935484,0.6072143165348558,0.0,0.21760385378810343,False
60130,G46,1,0.0,0.026444443782268495,0.3870967741935484,0.6032016396734242,0.0,0.2182059966760782,False
60130,G46,1,0.0,0.03428575334721886,0.3870967741935484,0.6094421252539518,0.3,0.251361460677809,False
60130,G46,1,0.0,0.03838721357525638,0.3870967741935484,0.6094569793676314,0.0,0.21757405999843593,False
75113,G46,1,1.0,0.1346632941369778,0.3870967741935484,0.4350726316783592,1.0,0.8541673457483255,False
75113,G46,1,1.0,0.12376247083442193,0.3548387096774194,0.5041726012241674,1.0,0.8594720933407961,False
75113,G46,1,0.0,0.10358339694718366,0.4032258064516129,0.5429441967710995,0.2,0.22695406736394766,False
75113,G46,1,0.0,0.07055963464623036,0.4032258064516129,0.5930356477234451,0.0,0.2139668688365364,False
32326,F42,1,1.0,0.049198033443658654,0.43548387096774194,0.5961868982593064,1.0,0.8869414150870433,False
32326,F42,1,1.0,0.07568555058720414,0.4032258064516129,0.6186216917755946,0.9,0.8717957719600004,False
32326,F42,1,0.0,0.07352699881614146,0.4032258064516129,0.5958067717950648,0.0,0.2139450643811707,False
32326,F42,1,1.0,0.07805277050879875,0.41935483870967744,0.5925275213955769,1.0,0.8815366210662728,False
13288,G46,1,0.0,0.06126219209641191,0.3709677419354839,0.6006020096216518,0.0,0.21225639549563596,False
13288,G46,1,0.0,0.06162202705048116,0.3709677419354839,0.5952780405585945,0.0,0.21162486171595524,False
13288,G46,1,0.0,0.06256785980360098,0.3709677419354839,0.6050204276760331,0.0,0.21260225664532398,False
13288,G46,1,0.0,0.0741732116711594,0.3709677419354839,0.5876127312916772,0.0,0.20937858461733352,False
58918,G46,1,0.0,0.12627600653186488,0.3709677419354839,0.600045879935301,0.0,0.20497084614876887,False
58918,G46,1,0.0,0.09038903824424085,0.3709677419354839,0.6059955230718064,0.0,0.20961935852922772,False
58918,G46,1,0.0,0.12869123824198123,0.3709677419354839,0.6059275252604113,0.0,0.20535600321710154,False
58918,G46,1,0.0,0.12540865777915777,0.3709677419354839,0.6014575195545775,0.0,0.20522406707898927,False
88182,F42,1,1.0,0.044346717030325986,0.4032258064516129,0.5718454156135973,0.5,0.8256360561149871,False
88182,F42,1,1.0,0.053303501939199124,0.4032258064516129,0.5920699646466656,1.0,0.88244358546212,False
88182,F42,1,1.0,0.043150869072808455,0.4032258064516129,0.5920084228760745,0.9,0.8724537066949867,False
88182,F42,1,1.0,0.07605232878063904,0.4032258064516129,0.5820399992773536,1.0,0.8788014974387031,False
63181,G47,1,1.0,0.05253747743222294,0.3870967741935484,0.6122732481485467,1.0,0.8829813938788748,False
63181,G47,1,1.0,0.10912799879667952,0.3870967741935484,0.5959681554906526,1.0,0.8748818812097245,False
63181,G47,1,1.0,0.04918715146530336,0.3709677419354839,0.6112889090846982,1.0,0.8814521666172088,False
63181,G47,1,1.0,0.11343305058501739,0.3870967741935484,0.5820996793417161,0.9,0.8617514892166942,False
108065,F42,1,0.0,0.07177640824393784,0.3870967741935484,0.5917336720647647,0.4,0.25633933755715277,False
108065,F42,1,1.0,0.0710238978083737,0.3870967741935484,0.5852761995415992,0.9,0.8668165639918638,False
108065,F42,1,0.0,0.06660609028961122,0.3870967741935484,0.5997110340340297,0.2,0.23557796865977412,False
108065,F42,1,1.0,0.08266563384695053,0.3709677419354839,0.5950816300421355,1.0,0.8759315264589632,False
19288,G47,1,1.0,0.12130280416788018,0.3387096774193548,0.5220376235909288,1.0,0.8599382774269339,False
19288,G47,1,1.0,0.16076457725312235,0.3548387096774194,0.4964721199650441,1.0,0.8545051391543712,False
19288,G47,1,1.0,0.16241702035501013,0.3225806451612903,0.469896507715252,1.0,0.8477844591690592,False
19288,G47,1,1.0,0.15963244691819573,0.3064516129032258,0.4938429550596609,1.0,0.8489624578938545,False
91769,G46,1,1.0,0.0026314632570462594,0.8064516129032258,0.601972753157778,1.0,0.9339769892004397,False
91769,G46,1,1.0,0.08144511398204671,0.6290322580645161,0.5223137555529613,1.0,0.896655655515048,False
91769,G46,1,1.0,0.07374744554493114,0.5645161290322581,0.5249668010650999,1.0,0.8906372760613807,False
91769,G46,1,1.0,0.06474241908930227,0.5483870967741935,0.5636393561293547,1.0,0.8941426704238052,False
125705,G46,1,1.0,0.07823442068541332,0.3387096774193548,0.5844872671932698,1.0,0.8716625026585789,False
125705,G46,1,0.0,0.09619861767351488,0.3225806451612903,0.593104135418878,0.0,0.20216512921185037,False
125705,G46,1,1.0,0.09096280315828546,0.3387096774193548,0.5595765144873346,1.0,0.8674803765276003,False
125705,G46,1,1.0,0.08256273941383083,0.3064516129032258,0.5757739762688387,1.0,0.8666292055286927,False
94093,G46,1,1.0,0.1317307661904911,0.3709677419354839,0.4986384346603281,1.0,0.8597639344894801,False
94093,G46,1,1.0,0.13479713189525525,0.3709677419354839,0.5410576843282424,1.0,0.8641364771520523,False
94093,G46,1,1.0,0.15687751483331638,0.3387096774193548,0.4792834237441312,1.0,0.8512350651477967,False
94093,G46,1,1.0,0.1628980668042612,0.3387096774193548,0.4574329616390564,1.0,0.8481382858060167,False
60793,G47,1,1.0,0.10113250296344989,0.3709677419354839,0.5407670559807505,1.0,0.8678446994391983,False
60793,G47,1,1.0,0.06309430127438885,0.3709677419354839,0.5072096663296034,1.0,0.868342567443411,False
60793,G47,1,1.0,0.06762663362588212,0.3709677419354839,0.581415736470174,1.0,0.8760840938644195,False
60793,G47,1,0.0,0.09016417857904244,0.3709677419354839,0.5763076584572613,0.4,0.2507901357570781,False
81108,G46,1,1.0,0.09380947980441288,0.3548387096774194,0.5078980827458797,1.0,0.8632141458465428,False
81108,G46,1,0.0,0.03883857382789663,0.3064516129032258,0.6064371252526741,0.0,0.2082277960364448,False
81108,G46,1,0.0,0.05487861986198636,0.3064516129032258,0.5912033746172218,0.0,0.20475292973982903,False
81108,G46,1,1.0,0.14345041620284413,0.27419354838709675,0.48708544252283137,1.0,0.846425397189676,False
1913,G46,1,1.0,0.002469697991979749,0.7903225806451613,0.5594791800604182,0.9,0.9163702291904,False
1913,G46,1,1.0,0.03407864548990252,0.41935483870967744,0.5789995764889859,1.0,0.88491952996764,False
1913,G46,1,1.0,0.08102776154218273,0.41935483870967744,0.5980778785456299,1.0,0.8818227728570138,False
1913,G46,1,1.0,0.05091630030872663,0.41935483870967744,0.5506136919837652,1.0,0.8798946922649685,False
17688,F42,1,1.0,0.004012192906459101,0.7741935483870968,0.5954890753658244,0.6,0.8850744923162736,False
17688,F42,1,1.0,0.10435651035094114,0.5806451612903226,0.46402873102284803,0.8,0.86003526466247,False
17688,F42,1,1.0,0.08771328135633133,0.4838709677419355,0.5231729193050461,0.9,0.8688145117434057,False
17688,F42,1,1.0,0.16058212910468755,0.4838709677419355,0.4597607417624325,0.9,0.8536721755999646,False
133266,G46,1,1.0,0.003431881914195876,0.7903225806451613,0.574975070527121,1.0,0.9290961965842318,False
133266,G46,1,1.0,0.06046751992244914,0.6935483870967742,0.5228367567379393,1.0,0.9062130693235849,False
133266,G46,1,1.0,0.07113609653747428,0.5483870967741935,0.4878223005878498,1.0,0.8850081445360634,False
133266,G46,1,1.0,0.07479925873630988,0.5161290322580645,0.5376899539230011,0.8,0.8643355252716396,False
144703,G46,1,1.0,0.0031669286435042476,0.7903225806451613,0.5885053946981911,1.0,0.9306290051888718,False
144703,G46,1,1.0,0.032536742270208016,0.7419354838709677,0.5702853054561956,1.0,0.9199648941174394,False
144703,G46,1,0.0,0.07735230477189568,0.6612903225806451,0.4982265390286854,0.2,0.2535738396486039,False
144703,G46,1,1.0,0.09279626997444981,0.6290322580645161,0.5165125893399245,1.0,0.8947498419366657,False
57833,G47,1,0.0,0.09907984514184247,0.3870967741935484,0.6008147719009924,0.0,0.20987018899474427,False
57833,G47,1,0.0,0.08974539988329394,0.3870967741935484,0.6047221771643534,0.0,0.21134150571940086,False
57833,G47,1,0.0,0.09073317031943359,0.3870967741935484,0.6002999620066835,0.0,0.21074039620897755,False
57833,G47,1,0.0,0.1111208194501855,0.3870967741935484,0.5941903590487976,0.0,0.20779625708801783,False
84616,G46,1,0.0,0.03753002006800134,0.43548387096774194,0.5903976803143673,0.0,0.22092794791267867,False
84616,G46,1,0.0,0.042760416991179,0.43548387096774194,0.5944581010732335,0.2,0.24302017278331073,False
84616,G46,1,0.0,0.0404488046742011,0.43548387096774194,0.5893514825636635,0.2,0.2427096165396894,False
84616,G46,1,0.0,0.06983697514080436,0.43548387096774194,0.5821451213531518,0.1,0.2275324463533433,False
77704,G47,1,0.0,0.07015535192007218,0.3387096774193548,0.537392447296601,0.4,0.24510519697732042,False
105204,G46,1,1.0,0.09525791722029416,0.43548387096774194,0.5488291685134955,1.0,0.8765616802512158,False
105204,G46,1,1.0,0.0705296629622068,0.41935483870967744,0.597645441686379,1.0,0.8829411797148722,False
105204,G46,1,1.0,0.09727277687112389,0.41935483870967744,0.5829983521224756,0.9,0.867231157106781,False
100031,G46,1,1.0,0.004000077665851617,0.7258064516129032,0.5599641472615818,1.0,0.9201967245787368,False
100031,G46,1,0.0,0.04238924969907047,0.3548387096774194,0.5586566012202876,0.2,0.23012289568873742,False
100031,G46,1,1.0,0.042822698802741956,0.3548387096774194,0.5737352894495291,1.0,0.8761945889249119,False
100031,G46,1,1.0,0.05458526357214752,0.3548387096774194,0.5737323241588784,1.0,0.8748873078071278,False
43909,F42,1,1.0,0.003269067518511292,0.7741935483870968,0.5659313102553979,1.0,0.9263173101248872,False
43909,F42,1,1.0,0.03270117630008825,0.4032258064516129,0.5723960277948835,0.9,0.871435628660712,False
43909,F42,1,1.0,0.05330152616254882,0.4032258064516129,0.5783406466288574,1.0,0.8809183252131025,False
43909,F42,1,1.0,0.04757452266233914,0.4032258064516129,0.5822241817131703,0.8,0.8597639406113826,False
110077,F42,1,1.0,0.028818966475123872,0.4032258064516129,0.5989017446262799,1.0,0.8859231760669743,False
110077,F42,1,1.0,0.04407467808788224,0.4032258064516129,0.5912954263537813,1.0,0.883382950524168,False
110077,F42,1,1.0,0.042613712092340786,0.4032258064516129,0.5870425649959995,1.0,0.8830727399283635,False
110077,F42,1,1.0,0.028866862716031984,0.4032258064516129,0.5907399332980041,1.0,0.8850109863370651,False
81094,G46,1,1.0,0.0031312643676181845,0.8387096774193549,0.5821260620260147,1.0,0.9353004972308613,False
81094,G46,1,1.0,0.03653415703650656,0.5,0.5922414696566118,1.0,0.8950785902911229,False
81094,G46,1,1.0,0.04888959430202184,0.4838709677419355,0.5821654687543146,1.0,0.8907940935771366,False
81094,G46,1,1.0,0.05763231798647958,0.4838709677419355,0.5969101174069443,0.1,0.7914609741291555,False
54299,G46,1,1.0,0.09066810085689973,0.3870967741935484,0.5868406782245579,1.0,0.8759188168401341,False
54299,G46,1,0.0,0.10797245533729369,0.3870967741935484,0.6036933358066756,0.0,0.20920196162921448,False
54299,G46,1,1.0,0.11036545869547588,0.3709677419354839,0.5769888692087249,1.0,0.8708434613831925,False
54299,G46,1,0.0,0.10673336428643995,0.3870967741935484,0.5974780039114395,0.0,0.20864904597983866,False
66516,G47,1,0.0,0.08124148088329705,0.4032258064516129,0.5995114459980078,0.1,0.22461064128514707,False
66516,G47,1,0.0,0.05600094231895938,0.3709677419354839,0.6024572395791397,0.0,0.21304711546618493,False
66516,G47,1,0.0,0.11124495626788422,0.4032258064516129,0.5495480560518751,0.0,0.2046143229150671,False
66516,G47,1,0.0,0.05412806159240298,0.4032258064516129,0.611382113862434,0.6,0.2844977620801827,False
44400,G47,1,1.0,0.0881620938514858,0.45161290322580644,0.563998087389662,0.5,0.8252720996404425,False
44400,G47,1,1.0,0.08823354715225697,0.43548387096774194,0.5542420242662166,0.8,0.855721372009078,False
44400,G47,1,1.0,0.11758649005127476,0.4032258064516129,0.4838710444906114,1.0,0.8632789289878834,False
44400,G47,1,1.0,0.1594409869624732,0.3870967741935484,0.432275499089115,1.0,0.8511034762577988,False
122599,L68,1,1.0,0.0033800906448126534,0.7741935483870968,0.586599208328642,1.0,0.9286014073412141,False
122599,L68,1,1.0,0.06688517442642503,0.4032258064516129,0.6078383794675961,1.0,0.8826865568325315,False
122599,L68,1,1.0,0.05234263814678376,0.4032258064516129,0.5991242847358773,1.0,0.8833341614489674,False
122599,L68,1,1.0,0.04096983771487144,0.3870967741935484,0.605125996825668,1.0,0.8834725481449273,False
31135,G46,1,1.0,0.09994190901814384,0.41935483870967744,0.5459702260656533,0.7,0.8405981284174652,False
31135,G46,1,1.0,0.09325091050230305,0.41935483870967744,0.5680067403044187,0.6,0.832678963167977,False
31135,G46,1,1.0,0.10311031474195376,0.4032258064516129,0.5834092896296191,1.0,0.8759471979265866,False
31135,G46,1,1.0,0.11553307784887683,0.4032258064516129,0.5531173827912195,1.0,0.8712011234882173,False
15610,G47,1,1.0,0.091496438895314,0.43548387096774194,0.5859955281322371,1.0,0.8811092178005183,False
15610,G47,1,1.0,0.10988987104437664,0.41935483870967744,0.589471685198736,1.0,0.877659628096004,False
15610,G47,1,1.0,0.11051661179988885,0.43548387096774194,0.559916400426097,1.0,0.8760981843993279,False
15610,G47,1,1.0,0.12023581651899687,0.43548387096774194,0.5510468027119608,1.0,0.8740327619067452,False
58180,G47,1,1.0,0.08414191718583744,0.41935483870967744,0.5657993369883332,1.0,0.877890250945797,False
58180,G47,1,1.0,0.08351419474088191,0.41935483870967744,0.567914041076339,0.8,0.8559727427827926,False
58180,G47,1,1.0,0.07220645841224278,0.41935483870967744,0.5543338417733716,1.0,0.8779424691189784,False
58180,G47,1,1.0,0.05298334458267586,0.41935483870967744,0.5693254553287876,0.8,0.8595218832728654,False
38299,G46,1,1.0,0.002922997855375094,0.7741935483870968,0.6027272422651822,1.0,0.9304441991996559,False
38299,G46,1,1.0,0.07023740920083121,0.532258064516129,0.5417291771928212,1.0,0.8893055369453466,False
38299,G46,1,1.0,0.05643566033729879,0.4838709677419355,0.5924792206955825,1.0,0.8911016142333578,False
38299,G46,1,1.0,0.09808556791479182,0.4838709677419355,0.49052307267572925,1.0,0.8751453858336525,False
141128,G47,1,1.0,0.003846572882407974,0.8064516129032258,0.5666040935393858,1.0,0.9299121259511338,False
141128,G47,1,1.0,0.05323532589275718,0.43548387096774194,0.5517728544718618,0.7,0.8482245999496496,False
141128,G47,1,1.0,0.030404861173083098,0.41935483870967744,0.5697294772205621,0.8,0.8620754949730174,False
141128,G47,1,1.0,0.04195076950244649,0.41935483870967744,0.5665415706306638,1.0,0.8826606266486549,False
33046,G46,1,1.0,0.03853048053481863,0.4032258064516129,0.5732086432289478,1.0,0.8819893299050824,False
33046,G46,1,1.0,0.04180281125491052,0.3870967741935484,0.5716927185003322,1.0,0.8796651868265521,False
33046,G46,1,1.0,0.04275886303923225,0.4032258064516129,0.5632854914824678,1.0,0.8804169372105387,False
33046,G46,1,1.0,0.0391983165410552,0.4032258064516129,0.5550319528403213,1.0,0.8798954936389864,False
93501,G46,1,1.0,0.038511140334837185,0.4032258064516129,0.5629359793443033,1.0,0.8808500717178976,False
93501,G46,1,1.0,0.046445186914901807,0.4032258064516129,0.5952800863582268,1.0,0.8835623006549932,False
93501,G46,1,1.0,0.06029979582642769,0.3870967741935484,0.604514264994991,1.0,0.8812568048180124,False
93501,G46,1,1.0,0.050108990148705373,0.3870967741935484,0.5789267385466094,1.0,0.879546058065717,False
46359,G46,1,1.0,0.04415503727264446,0.41935483870967744,0.6160284059082963,1.0,0.8879142452605921,False
46359,G46,1,1.0,0.030651365945994512,0.3870967741935484,0.5901205360294167,0.8,0.8607295493641078,False
46359,G46,1,1.0,0.04138475613735137,0.41935483870967744,0.6014532665594072,0.6,0.8421581499035258,False
46359,G46,1,1.0,0.0677194404127044,0.41935483870967744,0.5988725255086187,1.0,0.8833897693117324,False
48350,L68,1,1.0,0.050956178872098475,0.5,0.5736569486967257,0.8,0.8691889744249585,False
48350,L68,1,1.0,0.05513728700558238,0.5161290322580645,0.5036142539785842,0.7,0.8516228888034518,False
48350,L68,1,1.0,0.10314306296445323,0.5,0.5613666897217982,1.0,0.884247069639705,False
48350,L68,1,1.0,0.057669312005501155,0.4838709677419355,0.563213876131916,1.0,0.8877128368742612,False
97963,G46,1,0.0,0.02634853276097678,0.4032258064516129,0.5740421804290877,0.0,0.21676882823552487,False
97963,G46,1,1.0,0.05386829402677598,0.4032258064516129,0.588352616722908,1.0,0.8819677921275272,False
97963,G46,1,1.0,0.037021190197273006,0.3870967741935484,0.5736185784301657,1.0,0.8804104624918268,False
97963,G46,1,0.0,0.06753582320857217,0.4032258064516129,0.5842585792415547,0.7,0.2911053958316217,False
110516,F42,1,1.0,0.0026392077863685017,0.7903225806451613,0.5839021177042123,1.0,0.9301761656181117,False
110516,F42,1,1.0,0.0701282650531748,0.6129032258064516,0.5306632218908915,1.0,0.8970486869604632,False
110516,F42,1,1.0,0.08915303495567473,0.5161290322580645,0.5129952886267775,1.0,0.8822190317699076,False
110516,F42,1,1.0,0.05697541376828731,0.41935483870967744,0.5715501721152829,1.0,0.881547733006297,False
123149,G47,1,1.0,0.0402943933725383,0.41935483870967744,0.5924043846981253,1.0,0.8857183144483627,False
123149,G47,1,1.0,0.04255054442230434,0.4032258064516129,0.6023923380951898,1.0,0.8847852889027221,False
123149,G47,1,1.0,0.0326065535733223,0.4032258064516129,0.6040981806183818,1.0,0.8860797148329635,False
123149,G47,1,1.0,0.05631493502186821,0.4032258064516129,0.5778959008950524,1.0,0.8805340858138664,False
93617,G47,1,1.0,0.20047510268053897,0.41935483870967744,0.4170483850178779,1.0,0.8484364578941128,False
93567,G46,1,1.0,0.08420259352470601,0.4032258064516129,0.5564488114044808,0.7,0.8417191138145986,False
93567,G46,1,0.0,0.06003047949831669,0.3870967741935484,0.5418997896903734,0.2,0.22988512048728948,False
93567,G46,1,1.0,0.08838892694729034,0.3870967741935484,0.5616837127773231,1.0,0.8733768400026201,False
93567,G46,1,1.0,0.06667235975178691,0.3870967741935484,0.5540155803160036,1.0,0.8749377771953072,False
39253,G47,1,0.0,0.0448911463815865,0.4032258064516129,0.6116384036962887,0.0,0.21888589597403502,False
39253,G47,1,0.0,0.07161604335563887,0.4032258064516129,0.6023217656891995,0.4,0.25932572542057486,False
39253,G47,1,0.0,0.067870846233096,0.3870967741935484,0.5965763663715717,0.2,0.23508914381466933,False
39253,G47,1,1.0,0.08356449708975448,0.3870967741935484,0.5245289056875235,0.9,0.8586734647545908,False
79344,G47,1,1.0,0.0029290020366970074,0.8064516129032258,0.5526078028096817,1.0,0.9284589348529124,False
79344,G47,1,1.0,0.07313826337867294,0.45161290322580644,0.5590664684590765,1.0,0.8819490120340233,False
79344,G47,1,1.0,0.06276496116750874,0.43548387096774194,0.5145542357419466,0.9,0.8652525717269088,False
79344,G47,1,1.0,0.07902366610762196,0.45161290322580644,0.5220852847897313,1.0,0.8771860579897683,False
65536,G46,1,1.0,0.002518718512667743,0.8548387096774194,0.6011502438902816,1.0,0.9392744705616702,False
65536,G46,1,1.0,0.038465272480920625,0.4838709677419355,0.5738868512821443,0.9,0.879921394060351,False
65536,G46,1,1.0,0.06506945468852128,0.4838709677419355,0.6167059705532141,1.0,0.8928341648451811,False
65536,G46,1,1.0,0.049476818633831056,0.46774193548387094,0.5909971204039155,1.0,0.8899180263615505,False
103403,G46,1,1.0,0.07744657215764282,0.43548387096774194,0.576701512719172,1.0,0.8816376457254745,False
103403,G46,1,1.0,0.0918092289162185,0.43548387096774194,0.568839310335685,1.0,0.8791682169319119,False
103403,G46,1,1.0,0.05113377375914588,0.43548387096774194,0.5926514659307751,1.0,0.8863335070154856,False
103403,G46,1,1.0,0.05857727582754424,0.43548387096774194,0.5854079857216037,1.0,0.8847016200957557,False
119826,G46,1,1.0,0.20256928836765645,0.3870967741935484,0.5919388575540381,0.9,0.8529407048199923,False
119826,G46,1,1.0,0.19643036275018344,0.4032258064516129,0.5881508727198907,0.8,0.8438829240468134,False
119826,G46,1,1.0,0.21440782513548232,0.3870967741935484,0.4587697332470734,0.5,0.7923842980339043,False
119826,G46,1,1.0,0.2089881612010057,0.3870967741935484,0.5912822900166124,0.9,0.8521545447787949,False
41343,G47,1,1.0,0.003494123157113924,0.7741935483870968,0.5568891154249769,1.0,0.9252876156283291,False
41343,G47,1,1.0,0.05608378953759882,0.4032258064516129,0.5911223166680204,1.0,0.8820293703980038,False
41343,G47,1,1.0,0.04404358409218394,0.4032258064516129,0.5910393810779293,1.0,0.8833579559374843,False
41343,G47,1,1.0,0.042359194499803694,0.4032258064516129,0.5927182605224042,1.0,0.8837316524971348,False
143527,L68,1,0.0,0.15532609754602966,0.3870967741935484,0.5697040704509411,0.0,0.20016386078871776,False
143527,L68,1,0.0,0.14763999944924336,0.3870967741935484,0.6044702313779335,0.0,0.20488077845802652,False
143527,L68,1,0.0,0.14693481261617894,0.3870967741935484,0.6009541305051929,0.0,0.20456845467584026,False
143527,L68,1,0.0,0.15308689825012137,0.3870967741935484,0.5918273059295811,0.1,0.2139819090970009,False
1544,G47,1,1.0,0.09740653653715632,0.4032258064516129,0.5564488114044808,0.4,0.8069186757021042,False
1544,G47,1,1.0,0.08330202777730897,0.3870967741935484,0.5531317438949568,1.0,0.8729918322567995,False
1544,G47,1,1.0,0.10161216877757913,0.3870967741935484,0.5543995036186651,1.0,0.8710982343371816,False
1544,G47,1,0.0,0.11127144505017483,0.3870967741935484,0.5188735539658687,0.0,0.19941098701213802,False
100314,G47,1,1.0,0.23896877211712939,0.45161290322580644,0.43102225473385314,1.0,0.8492962650936144,False
100314,G47,1,1.0,0.25795151863844756,0.45161290322580644,0.4252641882286996,1.0,0.8465472858684508,False
100314,G47,1,1.0,0.2623168565996826,0.45161290322580644,0.45517904271302473,0.6,0.8049416765932386,False
100314,G47,1,1.0,0.2630850690759528,0.45161290322580644,0.3935811859517683,0.6,0.7980121133446246,False
121400,F42,1,1.0,0.05812937286776819,0.45161290322580644,0.5793917880324128,0.5,0.8303194798211613,False
121400,F42,1,0.0,0.05544763651152387,0.45161290322580644,0.5779015585249274,0.1,0.23045186947102334,False
121400,F42,1,1.0,0.05076445060555876,0.4032258064516129,0.614448134696411,1.0,0.8852121656158294,False
121400,F42,1,1.0,0.06458687067450058,0.4032258064516129,0.5907891490662127,0.4,0.8143808983159251,False
140758,F42,1,1.0,0.04574959583642886,0.41935483870967744,0.568645427915683,0.8,0.8602500745321034,False
140758,F42,1,1.0,0.044813072779833964,0.41935483870967744,0.601394363695391,1.0,0.8862151255139149,False
140758,F42,1,1.0,0.04809118416444603,0.41935483870967744,0.5827227445055428,0.8,0.8615540443389749,False
140758,F42,1,1.0,0.03894774024454085,0.41935483870967744,0.5759061911856389,0.8,0.861812587738975,False
88953,G47,1,1.0,0.027079700924700786,0.4838709677419355,0.5843624659688805,0.7,0.8601281925317905,False
88953,G47,1,1.0,0.04412254275401454,0.4838709677419355,0.570499157252234,1.0,0.8900275091377949,False
88953,G47,1,0.0,0.05855136914750248,0.43548387096774194,0.586055057020616,0.1,0.22922083987120617,False
88953,G47,1,0.0,0.06310641958229937,0.43548387096774194,0.5956562583808214,0.8,0.30755930108514046,False
90724,G46,1,0.0,0.04809225920488509,0.3709677419354839,0.613684069816311,0.4,0.25961772806076777,False
90724,G46,1,0.0,0.06887735346283093,0.3709677419354839,0.5892159828292856,0.3,0.24347848570021538,False
90724,G46,1,1.0,0.04527106170568511,0.3709677419354839,0.5782628944849056,0.9,0.8671066194127449,False
90724,G46,1,1.0,0.043213271934085355,0.3548387096774194,0.613965890989955,1.0,0.8806212587481431,False
62417,G47,1,1.0,0.06823141066389372,0.3709677419354839,0.5883754360202309,0.9,0.8656790852546468,False
62417,G47,1,0.0,0.0880790899559969,0.3870967741935484,0.6007101584452736,0.1,0.2221919825203139,False
62417,G47,1,1.0,0.13956533722518336,0.3387096774193548,0.5207274524330197,0.8,0.8355413102919101,False
90360,G47,1,1.0,0.08289682819952152,0.3870967741935484,0.5820060625303056,0.4,0.8095784453915926,False
90360,G47,1,1.0,0.12451382736535224,0.3870967741935484,0.5391945527481583,0.9,0.8557530555084838,False
90360,G47,1,1.0,0.12784143677183235,0.3870967741935484,0.542831893584546,0.8,0.8446763590006957,False
90360,G47,1,1.0,0.10635777861860955,0.3870967741935484,0.5892585133771076,0.6,0.829999723216894,False
51669,G47,1,1.0,0.1811946226477549,0.4032258064516129,0.5462518230619078,1.0,0.8631425563184183,False
51669,G47,1,1.0,0.1517448253178843,0.3870967741935484,0.5898675695003074,1.0,0.8694688353751079,False
51669,G47,1,1.0,0.18483893445156394,0.3870967741935484,0.5603101938723987,0.5,0.8069520037349314,False
51669,G47,1,1.0,0.19967064797915643,0.4032258064516129,0.5507639935145525,1.0,0.8615910168874454,False
126328,G47,1,0.0,0.12106401032369689,0.5,0.5428356419703788,0.0,0.21353018129407578,False
126328,G47,1,1.0,0.09877558699111466,0.4838709677419355,0.539036707238848,1.0,0.880459120887741,False
126328,G47,1,1.0,0.1398461070977503,0.4838709677419355,0.46947360159690454,1.0,0.8681664958045654,False
126328,G47,1,0.0,0.14237043360772692,0.43548387096774194,0.5285255308808565,0.0,0.2024043298045413,False
80116,G46,1,1.0,0.07882057386158445,0.43548387096774194,0.5593229673406848,1.0,0.8795540293829824,False
80116,G46,1,1.0,0.0859212234544599,0.43548387096774194,0.5282567625310588,1.0,0.8753132677827045,False
80116,G46,1,1.0,0.0769615451504721,0.41935483870967744,0.547629291525467,1.0,0.8766691761205192,False
80116,G46,1,1.0,0.08836974064678454,0.43548387096774194,0.5666223158820657,1.0,0.8793040495781137,False
93679,G47,1,1.0,0.21236736165494163,0.43548387096774194,0.4230365014583949,1.0,0.849572556752355,False
93679,G47,1,0.0,0.19822692028627092,0.41935483870967744,0.499956324164857,0.0,0.19123158250980707,False
93679,G47,1,1.0,0.20690822374718057,0.3870967741935484,0.5848576247647373,0.7,0.8294495750234562,False
93679,G47,1,1.0,0.2283200125891359,0.4032258064516129,0.4736264237091338,1.0,0.8498369130635123,False
44163,G47,1,1.0,0.036592784415502316,0.4032258064516129,0.5498582419765345,1.0,0.8796101404458495,False
44163,G47,1,0.0,0.0636200638559005,0.4032258064516129,0.5721764769418392,0.7,0.2901980243930613,False
44163,G47,1,1.0,0.0929833326078062,0.4032258064516129,0.5729597744098567,1.0,0.8759113609170738,False
44163,G47,1,1.0,0.06338346939991954,0.41935483870967744,0.5776989755616719,1.0,0.8815189272079366,False
28833,L68,1,0.0,0.20147413646360027,0.20967741935483872,0.4704909521832763,0.0,0.16429935945272386,False
7066,L68,1,1.0,0.06717355902885615,0.3387096774193548,0.5784027405794654,1.0,0.8722154287744404,False
7066,L68,1,1.0,0.04907844183541148,0.3387096774193548,0.5555134529396566,1.0,0.871682743169289,False
7066,L68,1,1.0,0.050108254105935196,0.3387096774193548,0.5664175604263808,1.0,0.8727798870822,False
7066,L68,1,1.0,0.08837847142890262,0.3387096774193548,0.587598920153501,1.0,0.8708811251271059,False
93192,L68,1,1.0,0.0037212904277790304,0.7741935483870968,0.5696976924935604,1.0,0.9266855500503198,False
93192,L68,1,1.0,0.04248488373959652,0.6774193548387096,0.5307323122620171,1.0,0.9072963092623478,False
93192,L68,1,1.0,0.08757298274787724,0.5967741935483871,0.43299581981294877,1.0,0.8824663367348288,False
93192,L68,1,1.0,0.05577356135341507,0.5806451612903226,0.536723206677981,1.0,0.8957327562905432,False
30810,G47,1,1.0,0.19945828807099825,0.1935483870967742,0.5215915446706725,0.9,0.8239646270773832,False
30810,G47,1,1.0,0.23444163241022786,0.1935483870967742,0.5116042927012749,0.6,0.785634560820869,False
30810,G47,1,0.0,0.20138182555015294,0.1774193548387097,0.5828253771228542,0.6,0.23987365626793455,False
30810,G47,1,1.0,0.1972318054223129,0.1774193548387097,0.5967003188192432,1.0,0.84187642980396,False
51502,L68,1,1.0,0.06787702636730772,0.3387096774193548,0.5681510773477898,0.9,0.8598870809333152,False
51502,L68,1,1.0,0.08889747996383326,0.3387096774193548,0.5886363761356848,0.5,0.8153831748434673,False
51502,L68,1,1.0,0.07611353259201852,0.3387096774193548,0.5613869631799319,1.0,0.869331456445252,False
51502,L68,1,1.0,0.11352683415030385,0.3387096774193548,0.5358844482547795,1.0,0.8623408101693145,False
100448,G47,1,1.0,0.12385771885764155,0.14516129032258066,0.5255783608248235,1.0,0.8385424369210849,False
100448,G47,1,1.0,0.11799748392971125,0.14516129032258066,0.5050719386709663,1.0,0.8369150827848707,False
100448,G47,1,1.0,0.18034815233753634,0.14516129032258066,0.4924324180222466,1.0,0.8285828395563656,False
100448,G47,1,1.0,0.1406944334966536,0.14516129032258066,0.5224717466246032,1.0,0.8363265114945034,False
15323,G47,1,1.0,0.18381049504599845,0.16129032258064516,0.537976100079308,1.0,0.8350506586237727,False
15323,G47,1,1.0,0.17920433259026142,0.16129032258064516,0.5080447869749174,0.9,0.8211256418850335,False
15323,G47,1,1.0,0.1448568084319893,0.16129032258064516,0.6040957430229548,0.7,0.8133921396857344,False
15323,G47,1,1.0,0.15743042582448943,0.16129032258064516,0.5942081701740323,0.7,0.810896451881132,False
32523,L68,1,1.0,0.13749732591422778,0.25806451612903225,0.4536912633964778,0.9,0.8304731615123647,False
32523,L68,1,0.0,0.14523875462526686,0.24193548387096775,0.4698826069221169,0.2,0.1962865929075353,False
32523,L68,1,1.0,0.1269558410806484,0.22580645161290322,0.470767092290966,1.0,0.8410686336470246,False
32523,L68,1,0.0,0.16240437760856935,0.24193548387096775,0.45188842114270067,0.0,0.17015772526723325,False
21129,L68,1,0.0,0.07577484891610281,0.3064516129032258,0.5235155422629035,0.0,0.19491025625000294,False
21129,L68,1,0.0,0.08835957767966889,0.3064516129032258,0.5035452045757216,0.2,0.2135152488665865,False
21129,L68,1,1.0,0.09328619795386829,0.3064516129032258,0.5118895929203318,1.0,0.8583394453188543,False
21129,L68,1,0.0,0.10285261911208016,0.3064516129032258,0.5315588416619597,0.0,0.19279531505034503,False
32689,L68,1,0.0,0.07673646191839964,0.3387096774193548,0.5881012779762326,0.0,0.2055638326085764,False
32689,L68,1,0.0,0.09271848690780975,0.3064516129032258,0.5713464802850867,0.3,0.23167551180894475,False
32689,L68,1,1.0,0.10957578233465047,0.3225806451612903,0.5616118924464284,1.0,0.8638463061414519,False
32689,L68,1,1.0,0.12359579252368273,0.3064516129032258,0.577451257822286,1.0,0.8622563420224254,False
87836,L68,1,1.0,0.035904239380660535,0.3387096774193548,0.5660873505518654,1.0,0.8743214209545066,False
87836,L68,1,1.0,0.03982112015651079,0.3387096774193548,0.5656075148149072,1.0,0.873832896897528,False
87836,L68,1,1.0,0.0796732741342546,0.3225806451612903,0.4992650983714882,1.0,0.8602413854887249,False
87836,L68,1,1.0,0.044304994191238026,0.3387096774193548,0.5512043806391587,0.9,0.8606232293185863,False
103102,G46,1,0.0,0.07606558696007636,0.22580645161290322,0.5874266812589539,0.0,0.19301861621242009,False
103102,G46,1,0.0,0.0852659809456519,0.22580645161290322,0.563792521170168,0.0,0.1893703324263799,False
103102,G46,1,0.0,0.07297666625145283,0.22580645161290322,0.5936518672141566,0.0,0.19405351695284523,False
103102,G46,1,0.0,0.09674097290126278,0.22580645161290322,0.6046330834155349,0.0,0.19263317356968612,False
56721,L68,1,1.0,0.33228544710962477,0.3064516129032258,0.39121182261105936,1.0,0.8183753320449623,False
56721,L68,1,1.0,0.3219318295537465,0.3225806451612903,0.4294335396526542,1.0,0.825564706140022,False
56721,L68,1,1.0,0.33951016830527964,0.3225806451612903,0.37054170795674735,1.0,0.8170680205347509,False
56721,L68,1,1.0,0.27802354879578123,0.2903225806451613,0.4719417936922951,1.0,0.831582313949075,False
115073,G47,1,1.0,0.19212520178760326,0.3548387096774194,0.430273498505772,0.9,0.832554111821732,False
115073,G47,1,1.0,0.19234709968811986,0.3548387096774194,0.42718701150529226,1.0,0.8432976246105102,False
115073,G47,1,1.0,0.24630536788616542,0.3387096774193548,0.36389186203791,1.0,0.8284773523967889,False
115073,G47,1,1.0,0.20507004133193368,0.3548387096774194,0.3763302523617823,0.9,0.8251221023008076,False
96424,G46,1,0.0,0.07605508986540836,0.27419354838709675,0.5868819760640469,0.3,0.23166893717619277,False
96424,G46,1,1.0,0.11842619256416338,0.25806451612903225,0.5401955837426473,0.9,0.842203767478613,False
96424,G46,1,0.0,0.17806095888823542,0.25806451612903225,0.44742577426972907,0.0,0.1697143701678362,False
96424,G46,1,0.0,0.1450274626986784,0.25806451612903225,0.4584547150390061,0.0,0.17461019649659554,False
7714,L68,1,1.0,0.19249793001268498,0.25806451612903225,0.46607529736616876,1.0,0.836849098164724,False
7714,L68,1,1.0,0.13618504563004286,0.3064516129032258,0.5698368301291752,1.0,0.860011488600262,False
7714,L68,1,1.0,0.17349165437487385,0.3064516129032258,0.5000351588144859,1.0,0.8481105685936486,False
7714,L68,1,1.0,0.14688145394312024,0.3064516129032258,0.5743835339833969,1.0,0.8593281881048337,False
114207,L68,1,1.0,0.10579624321562554,0.25806451612903225,0.5688569997645174,1.0,0.8579028080753249,False
114207,L68,1,1.0,0.09138780952331939,0.25806451612903225,0.5894778029974576,1.0,0.8617949455114633,False
114207,L68,1,1.0,0.07845429591122137,0.27419354838709675,0.5818353993909926,1.0,0.8641749613185409,False
114207,L68,1,1.0,0.13272273573372667,0.25806451612903225,0.5787032166748249,1.0,0.8560049996744589,False
148202,L68,1,0.0,0.06413164891214576,0.27419354838709675,0.5985923043391523,0.0,0.20096157820156704,False
148202,L68,1,1.0,0.05207060955322628,0.27419354838709675,0.5678209820757438,1.0,0.8655493245455127,False
148202,L68,1,1.0,0.05675545026185976,0.2903225806451613,0.5906493975022007,1.0,0.869357391987278,False
148202,L68,1,1.0,0.06473161946073354,0.27419354838709675,0.5514309864669034,1.0,0.8623214350436963,False
85449,G46,1,1.0,0.11824206288855614,0.22580645161290322,0.5978110589912216,1.0,0.856152827523952,False
85449,G46,1,1.0,0.13964719871860062,0.22580645161290322,0.5703901309094372,1.0,0.8507277093115265,False
85449,G46,1,1.0,0.1413108237249574,0.22580645161290322,0.5907239312247897,1.0,0.8528021732347484,False
85449,G46,1,1.0,0.11047931907205169,0.22580645161290322,0.5903737995952469,0.3,0.7784112146817886,False
108235,G47,1,1.0,0.17084763211602264,0.3225806451612903,0.5462937877055383,1.0,0.855336311194534,False
108235,G47,1,1.0,0.15187337043894647,0.3387096774193548,0.5727187749321374,1.0,0.8621727868791718,False
108235,G47,1,1.0,0.21781231462395773,0.3225806451612903,0.43908429016070616,1.0,0.8382058467442266,False
108235,G47,1,1.0,0.15893205836263471,0.27419354838709675,0.5507141489118486,1.0,0.8517750709929234,False
127265,L68,1,0.0,0.10279006470798023,0.24193548387096775,0.5791219406834898,0.0,0.19091859553849747,False
127265,L68,1,0.0,0.08730867184392943,0.22580645161290322,0.6085485437428415,0.0,0.19411625816797948,False
127265,L68,1,0.0,0.1323797108886054,0.22580645161290322,0.47273927196375337,0.0,0.1740184458542279,False
127265,L68,1,1.0,0.09344574224606289,0.22580645161290322,0.602514251481114,0.6,0.8149861067608838,False
135568,L68,1,1.0,0.08484396354262369,0.2903225806451613,0.5928903982312901,1.0,0.8664854461482031,False
135568,L68,1,1.0,0.13039596197042008,0.2903225806451613,0.5508355441807196,0.5,0.801195795872829,False
135568,L68,1,1.0,0.08664278337709828,0.2903225806451613,0.583296038821485,1.0,0.865219537343283,False
135568,L68,1,1.0,0.10410516269839651,0.2903225806451613,0.5649751462991365,1.0,0.8612436182495445,False
139138,G46,1,0.0,0.16510248129278104,0.22580645161290322,0.5976227970235783,0.0,0.18425852970485562,False
139138,G46,1,0.0,0.11790809358233852,0.22580645161290322,0.6017827582523286,0.0,0.18996456847587703,False
139138,G46,1,0.0,0.16124175836812393,0.22580645161290322,0.5908822677923329,0.0,0.18393855122634578,False
139138,G46,1,0.0,0.14787153958229038,0.22580645161290322,0.6018900468327933,0.0,0.18664721765148956,False
108307,L68,1,0.0,0.2748668197077179,0.3387096774193548,0.5028810750620633,0.3,0.20741377030818892,False
108307,L68,1,1.0,0.2855080984099197,0.3064516129032258,0.35305735798922255,1.0,0.8193334302758366,False
108307,L68,1,1.0,0.2543387096958108,0.2903225806451613,0.4498080182622335,1.0,0.8317546543568427,False
108307,L68,1,1.0,0.268773748790408,0.3064516129032258,0.4793205915525684,1.0,0.8352220506294874,False
7133,L68,1,1.0,0.07696527844743915,0.2903225806451613,0.5915179974256739,1.0,0.8672083666248218,False
7133,L68,1,1.0,0.08050554958956926,0.2903225806451613,0.5814840399309389,1.0,0.8657001189985034,False
7133,L68,1,1.0,0.09805304357369185,0.2903225806451613,0.5649143121757281,1.0,0.861909316583022,False
7133,L68,1,0.0,0.10796940893333616,0.2903225806451613,0.5816662810239701,0.0,0.19600216141508836,False
31184,L68,1,1.0,0.08098992031040345,0.3709677419354839,0.5385739696136858,1.0,0.8698390879154184,False
31184,L68,1,1.0,0.06932558415054638,0.3387096774193548,0.5318875143391737,1.0,0.8668079564008868,False
31184,L68,1,1.0,0.0830464436022072,0.3387096774193548,0.5357932418243361,0.7,0.8323840528490538,False
31184,L68,1,1.0,0.10671523502515624,0.3225806451612903,0.5771423452029993,1.0,0.865889750593237,False
33952,G46,1,1.0,0.17201952229163656,0.22580645161290322,0.5986053565502693,0.7,0.8169324762079485,False
33952,G46,1,0.0,0.19317861179408716,0.22580645161290322,0.577668308498084,0.2,0.20114401647965555,False
33952,G46,1,1.0,0.1998477004714971,0.22580645161290322,0.5890444702712319,1.0,0.8461114690458487,False
33952,G46,1,1.0,0.1575529568030491,0.20967741935483872,0.5966160842878034,1.0,0.8498600607599548,False
12506,F42,1,1.0,0.1976468766949041,0.4032258064516129,0.46381300782402923,0.9,0.8410435486200821,False
12506,F42,1,0.0,0.2469463406152605,0.41935483870967744,0.35476707832144905,0.4,0.21413061960176286,False
12506,F42,1,1.0,0.22335770634137025,0.3870967741935484,0.42774202279257467,1.0,0.843497898960528,False
12506,F42,1,1.0,0.23693544765961053,0.3709677419354839,0.395973388701642,1.0,0.8366672981086128,False
138776,L68,1,1.0,0.1968730987108888,0.3548387096774194,0.5233173778772182,1.0,0.8534758876493054,False
138776,L68,1,1.0,0.2324256452645853,0.3548387096774194,0.41368712990736867,1.0,0.8373444660355781,False
138776,L68,1,0.0,0.16579870733500723,0.3548387096774194,0.528675709758525,0.0,0.19085730134454856,False
138776,L68,1,1.0,0.22150370229350616,0.3709677419354839,0.5289573452298683,1.0,0.8531579316524273,False
145697,L68,1,1.0,0.1847812022454852,0.4032258064516129,0.5019674916630598,1.0,0.8578235662076875,False
145697,L68,1,1.0,0.17713912182030078,0.4032258064516129,0.5350360888058698,1.0,0.8623469748263536,False
145697,L68,1,1.0,0.1654132950788469,0.3709677419354839,0.5175671604682124,1.0,0.8581246230360944,False
145697,L68,1,1.0,0.19585145620439073,0.3870967741935484,0.524891592225946,0.9,0.8462374344683448,False
59090,G47,1,1.0,0.15610517363000126,0.2903225806451613,0.4649614235606211,1.0,0.844353203397309,False
59090,G47,1,1.0,0.13609168246833275,0.3064516129032258,0.4866089454399995,1.0,0.8507743195416547,False
59090,G47,1,1.0,0.1550724350600983,0.3064516129032258,0.4759018096554744,1.0,0.8474756652776224,False
59090,G47,1,0.0,0.10106049801194363,0.3387096774193548,0.6022912564499252,0.0,0.20443782620637072,False
133556,G47,1,0.0,0.06564838237822158,0.3548387096774194,0.6069877628609348,0.0,0.21068645446223697,False
133556,G47,1,0.0,0.07422940146589146,0.3548387096774194,0.6067009948923652,0.0,0.20970114478932145,False
133556,G47,1,0.0,0.08946048556856467,0.3548387096774194,0.6055911127660725,0.0,0.2078854818749919,False
133556,G47,1,0.0,0.08386328095067137,0.3548387096774194,0.6003478064593436,0.0,0.2079248039095657,False
2252,G46,1,1.0,0.041824694500668495,0.3709677419354839,0.5945217274781652,1.0,0.8804071972125533,False
2252,G46,1,1.0,0.04630537630488186,0.3709677419354839,0.5710972040149653,1.0,0.8773066188495076,False
2252,G46,1,1.0,0.05248442049644757,0.3709677419354839,0.5641944866280382,1.0,0.8758530897852306,False
2252,G46,1,1.0,0.0441418100236202,0.3709677419354839,0.5807710339075072,1.0,0.8786218850910412,False
143928,L68,1,0.0,0.23243014898401135,0.3870967741935484,0.5978437560169754,0.0,0.1947233756918347,False
143928,L68,1,1.0,0.2355711718823887,0.3225806451612903,0.46768119178446965,1.0,0.8394100738959301,False
143928,L68,1,1.0,0.20912483639636242,0.3548387096774194,0.4686793183722457,1.0,0.846043687961478,False
52987,G46,1,0.0,0.054369677640041664,0.24193548387096775,0.580085834440891,0.0,0.19640573785242413,False
52987,G46,1,0.0,0.12270044733273261,0.24193548387096775,0.5166785023268776,0.0,0.18176817098501252,False
116524,G46,1,0.0,0.06007444714499029,0.24193548387096775,0.5938675776743148,0.0,0.19730317937781025,False
116524,G46,1,0.0,0.0512748013206188,0.24193548387096775,0.6050406042894501,0.0,0.19952236520442213,False
116524,G46,1,0.0,0.07157988991224629,0.24193548387096775,0.6001346053923042,0.0,0.1967211332612251,False
116524,G46,1,0.0,0.06683242950320502,0.24193548387096775,0.5979438925634111,0.0,0.197005216325686,False
133403,G46,1,0.0,0.06572059446915135,0.3870967741935484,0.6007432587571704,0.0,0.21356882649795195,False
133403,G46,1,0.0,0.06851160732212336,0.3870967741935484,0.6052104469115198,0.0,0.21375506819810497,False
133403,G46,1,0.0,0.06092273952171327,0.3870967741935484,0.5878122816327018,0.0,0.21266514625605967,False
133403,G46,1,0.0,0.0587681110475034,0.3870967741935484,0.6014886326649673,0.0,0.2144241439790014,False
36052,L68,1,1.0,0.06319675987762344,0.25806451612903225,0.563670994794294,0.9,0.8509487501161892,False
36052,L68,1,1.0,0.07073891270258044,0.27419354838709675,0.5978068444437565,1.0,0.8668068311253637,False
36052,L68,1,1.0,0.09176056582663777,0.27419354838709675,0.5686375203679849,1.0,0.8612300558809383,False
36052,L68,1,1.0,0.10501816083421904,0.25806451612903225,0.5453535151821416,1.0,0.8553777633863283,False
65415,L68,1,1.0,0.07720238774245142,0.3870967741935484,0.5716975517505805,0.6,0.8312879931335196,False
65415,L68,1,1.0,0.06736767068577733,0.3709677419354839,0.5587926374684851,0.5,0.8180436343020213,False
65415,L68,1,1.0,0.08321979878458795,0.3387096774193548,0.6010600516886169,1.0,0.8729499922581537,False
65415,L68,1,1.0,0.07607059265105681,0.3548387096774194,0.5648460895294283,1.0,0.8715126896173101,False
24486,L68,1,1.0,0.05263425402746423,0.22580645161290322,0.6033146812385646,1.0,0.8640540976471115,False
24486,L68,1,1.0,0.056206352310255975,0.22580645161290322,0.6013651422607026,1.0,0.8634405823959277,False
24486,L68,1,1.0,0.049835075213398125,0.22580645161290322,0.5997086954349944,1.0,0.8639644524260555,False
24486,L68,1,1.0,0.048316243181116464,0.22580645161290322,0.5922860304437173,1.0,0.863308470986167,False
37524,L68,1,1.0,0.10081148116384248,0.4032258064516129,0.5767323575530934,0.5,0.8199051869823183,False
37524,L68,1,1.0,0.061874142313912174,0.3870967741935484,0.5889479712134542,0.7,0.8460189558992323,False
37524,L68,1,1.0,0.0845573895518453,0.3870967741935484,0.5860339473684459,1.0,0.8765081480011276,False
37524,L68,1,1.0,0.10425179741658609,0.3870967741935484,0.5367417086080373,1.0,0.8688429650427777,False
9725,G47,1,0.0,0.09078208457602631,0.3709677419354839,0.5403437473351487,0.0,0.20228104496606736,False
9725,G47,1,0.0,0.11489497867161509,0.3225806451612903,0.49920833620962474,0.0,0.1896548891888111,False
9725,G47,1,0.0,0.09839664683785597,0.3225806451612903,0.5235377210485606,0.0,0.19419130215244387,False
9725,G47,1,0.0,0.16454558610478903,0.27419354838709675,0.43024559415637564,0.0,0.17109928404874258,False
108116,G46,1,1.0,0.07933444021972136,0.2903225806451613,0.5992628544928287,1.0,0.8678056661020298,False
108116,G46,1,1.0,0.08134312733557524,0.2903225806451613,0.597516740559017,1.0,0.8673884659854003,False
108116,G46,1,1.0,0.09277205607369299,0.2903225806451613,0.5798947256942084,1.0,0.8641605833628528,False
108116,G46,1,1.0,0.10046058561893136,0.2903225806451613,0.590566976030156,1.0,0.864492107895154,False
92669,G46,1,1.0,0.03946881648861235,0.3709677419354839,0.6010424029947012,1.0,0.8813934809379526,False
92669,G46,1,1.0,0.047633521502329045,0.3709677419354839,0.6099295593281426,1.0,0.8814737533068109,False
92669,G46,1,1.0,0.06942767756612608,0.3709677419354839,0.6082875671686285,1.0,0.878869736837554,False
92669,G46,1,1.0,0.07799662230199335,0.3709677419354839,0.5917166628237218,1.0,0.8760764202730236,False
82053,G46,1,1.0,0.1343452070857968,0.3548387096774194,0.44282779181607823,1.0,0.8514801438230778,False
82053,G46,1,1.0,0.14158195271750215,0.3225806451612903,0.5006004460288074,1.0,0.853511015385844,False
82053,G46,1,1.0,0.06871038034998501,0.3225806451612903,0.5438203655695784,1.0,0.8664100700423204,False
82053,G46,1,1.0,0.18058927128853947,0.3064516129032258,0.4347023138767021,1.0,0.8400627394990432,False
138761,F42,1,0.0,0.07667501038678617,0.3548387096774194,0.6047318229933616,0.1,0.22032172469822164,False
138761,F42,1,0.0,0.06211107727284642,0.3548387096774194,0.6038730817094734,0.0,0.21073341267933848,False
138761,F42,1,0.0,0.04517365349226185,0.3548387096774194,0.6096840920653409,0.0,0.2132610164722776,False
34858,G47,1,0.0,0.14211428336481816,0.24193548387096775,0.5408023139284774,0.0,0.18229150160384744,False
34858,G47,1,1.0,0.214159499616008,0.22580645161290322,0.41314569472651363,1.0,0.8249769607470454,False
101952,G46,1,1.0,0.004081445548950493,0.7419354838709677,0.6151160853786134,0.9,0.9169966804111811,False
101952,G46,1,1.0,0.03408043126016203,0.3709677419354839,0.6066195006408706,1.0,0.8826118679240214,False
101952,G46,1,1.0,0.03541090298618983,0.3709677419354839,0.6028481917721682,1.0,0.8820450034134958,False
101952,G46,1,1.0,0.04937025054402424,0.3709677419354839,0.5984151999068141,1.0,0.8800014101442526,False
141724,G46,1,1.0,0.10299321712224302,0.3870967741935484,0.5696233786633984,1.0,0.8726363261927448,False
141724,G46,1,1.0,0.09989562648258353,0.3870967741935484,0.5194561943303374,1.0,0.8674063713379225,False
141724,G46,1,1.0,0.10419521506092574,0.41935483870967744,0.41774999721610007,1.0,0.8592121800960945,False
141724,G46,1,1.0,0.09650485517574577,0.3870967741935484,0.5275092980274234,1.0,0.8686779130050251,False
123720,G46,1,1.0,0.053074264229922306,0.3548387096774194,0.6188279103295986,1.0,0.8800658173085663,False
123720,G46,1,0.0,0.033262067046705375,0.3548387096774194,0.6143702487900946,0.2,0.23732743238008983,False
123720,G46,1,1.0,0.05985336675191338,0.3548387096774194,0.6165679317095686,1.0,0.8790614749594527,False
123720,G46,1,0.0,0.07249958753392016,0.3548387096774194,0.6065206811619922,0.3,0.24320664481172127,False
116695,G46,1,1.0,0.03542621520111473,0.3870967741935484,0.5950933186961536,1.0,0.8829737641876207,False
116695,G46,1,1.0,0.04211191969186709,0.3870967741935484,0.5979518013470912,1.0,0.8825485173165303,False
116695,G46,1,1.0,0.06560307790805273,0.3870967741935484,0.5882602773646537,1.0,0.8788615526277943,False
116695,G46,1,1.0,0.07297350841749936,0.3870967741935484,0.5875827085402174,0.9,0.8668562193684741,False
145394,G47,1,1.0,0.0273410326285671,0.3870967741935484,0.6022787214362857,0.9,0.8735593847779186,False
145394,G47,1,1.0,0.06448576961937524,0.3870967741935484,0.5945155675102134,0.8,0.8574585080093762,False
145394,G47,1,1.0,0.024989256702127146,0.3870967741935484,0.5868719513243787,0.8,0.8609977187573111,False
145394,G47,1,1.0,0.05376002264046467,0.3870967741935484,0.6015823502553427,1.0,0.8816576779787141,False
82465,G46,1,0.0,0.08953942580088467,0.3548387096774194,0.5409031088051282,0.2,0.2229113769646292,False
82465,G46,1,0.0,0.08479581466210591,0.3548387096774194,0.5601780812151307,0.0,0.20335788624782714,False
92509,G46,1,1.0,0.026080814854447604,0.4032258064516129,0.5837022205666751,0.8,0.8623163569070934,False
92509,G46,1,1.0,0.0804712263874888,0.4032258064516129,0.592590941598929,1.0,0.8794828357403393,False
92509,G46,1,1.0,0.06697148348135647,0.4032258064516129,0.5856169620806916,0.9,0.8690968094501054,False
92509,G46,1,1.0,0.09029992751011555,0.4032258064516129,0.5950481203380737,0.7,0.8453304443643969,False
83410,F42,1,0.0,0.07447183360974577,0.4032258064516129,0.6007499199639367,0.3,0.24772265475620042,False
83410,F42,1,0.0,0.061318343139871404,0.4032258064516129,0.6040883340565457,0.0,0.21622175526314302,False
83410,F42,1,0.0,0.059117333776152636,0.4032258064516129,0.5982773085113248,0.0,0.21582064235408727,False
83410,F42,1,0.0,0.09311449967686926,0.3870967741935484,0.567237167485622,0.0,0.2068021602224779,False
114502,G46,1,1.0,0.027460617313968438,0.41935483870967744,0.5823951250798832,1.0,0.8860321496083992,False
114502,G46,1,1.0,0.02118150237990106,0.41935483870967744,0.5845087980632736,0.8,0.8647424593770056,False
114502,G46,1,1.0,0.05428103093047126,0.4032258064516129,0.5680699535752524,0.9,0.8685571921218216,False
114502,G46,1,1.0,0.02100415641730167,0.4032258064516129,0.5848753556316876,0.9,0.8741218895184444,False
46892,G46,1,1.0,0.12360388972920698,0.3548387096774194,0.4699798645819523,1.0,0.8556905205033516,False
46892,G46,1,1.0,0.17519788191355576,0.3387096774193548,0.42191093925199386,1.0,0.8428247483064214,False
46892,G46,1,1.0,0.13496405311855525,0.3064516129032258,0.469130004572053,1.0,0.8489575071507471,False
46892,G46,1,1.0,0.15212129801532362,0.3064516129032258,0.4527606359335409,1.0,0.8452323278690492,False
19306,G47,1,1.0,0.054123118876906295,0.24193548387096775,0.5638118211543255,1.0,0.8612915762387097,False
19306,G47,1,1.0,0.06227334908708664,0.24193548387096775,0.5748517560348632,1.0,0.861612654535416,False
19306,G47,1,1.0,0.0739026842729508,0.24193548387096775,0.5846627464567693,1.0,0.8614106162283096,False
19306,G47,1,1.0,0.06489349421210779,0.24193548387096775,0.5638618741851396,1.0,0.8601004293160001,False
46864,G46,1,0.0,0.06165565049709659,0.24193548387096775,0.5947440821831963,0.0,0.19722487950634082,False
46864,G46,1,0.0,0.054647318527471116,0.24193548387096775,0.6016634992851557,0.0,0.1987724071809614,False
46864,G46,1,0.0,0.05286986842002374,0.24193548387096775,0.6055911127660725,0.0,0.19940630313522406,False
69706,F42,1,1.0,0.020502883648511525,0.3870967741935484,0.6121872551189351,0.9,0.8754201272959969,False
69706,F42,1,1.0,0.06506005652650579,0.3870967741935484,0.6062396813021322,0.8,0.8586973776632416,False
69706,F42,1,0.0,0.03635899586466382,0.3709677419354839,0.6119274818827388,0.0,0.21628180310595096,False
69706,F42,1,0.0,0.05766085239962314,0.3870967741935484,0.6075093539249639,0.0,0.21521614174654324,False
112043,L68,1,1.0,0.00544084608306741,0.8064516129032258,0.589949357067213,1.0,0.9323289026541524,False
112043,L68,1,1.0,0.0375239891172583,0.43548387096774194,0.5927188875957085,1.0,0.8878531966051324,False
112043,L68,1,1.0,0.04340032574886742,0.43548387096774194,0.6010205404623785,1.0,0.8881226761868058,False
112043,L68,1,1.0,0.07447211289229816,0.43548387096774194,0.5544640542452097,1.0,0.8794973124800726,False
16131,L68,1,1.0,0.2009151007154425,0.4032258064516129,0.4600469271009755,1.0,0.8513730703152385,False
16131,L68,1,1.0,0.2440576173294136,0.3387096774193548,0.41218512463398493,1.0,0.8340930205248807,False
16131,L68,1,1.0,0.15265402571241823,0.3709677419354839,0.5693023886795803,1.0,0.8652906783225163,False
16131,L68,1,1.0,0.24839917884876833,0.3870967741935484,0.3758781397386566,1.0,0.8349528594537152,False
5893,G46,1,1.0,0.09253613332268136,0.3870967741935484,0.49145871825410525,1.0,0.8651132621249968,False
5893,G46,1,0.0,0.11482597720813006,0.4032258064516129,0.5016134719027785,0.0,0.19889036679402905,False
5893,G46,1,1.0,0.06858146962883187,0.3709677419354839,0.5478634611516788,1.0,0.872249970384259,False
5893,G46,1,1.0,0.11019808497702115,0.3709677419354839,0.5414417971073968,0.9,0.8558012726739844,False
7163,F42,1,1.0,0.029367366580446076,0.3709677419354839,0.5936661979341566,1.0,0.8816962859210217,False
7163,F42,1,1.0,0.029852117809648044,0.3709677419354839,0.5806060134194565,1.0,0.880191293060588,False
7163,F42,1,1.0,0.04888407115895725,0.3709677419354839,0.5966743991054267,1.0,0.8798620077646615,False
7163,F42,1,1.0,0.07852916694154327,0.3709677419354839,0.602358510368824,1.0,0.8771996761514184,False
91415,L68,1,1.0,0.004443010364408775,0.7903225806451613,0.5797431924288632,1.0,0.9295136403010683,False
91415,L68,1,1.0,0.028725678823012555,0.41935483870967744,0.5758622125171284,0.9,0.8740545969337548,False
91415,L68,1,0.0,0.03306380375684397,0.41935483870967744,0.5800088854946375,0.2,0.24069999116083013,False
91415,L68,1,1.0,0.022254355155616638,0.41935483870967744,0.5812789792623934,0.7,0.8531532736462726,False
130795,G46,1,1.0,0.03225913506675473,0.3870967741935484,0.5820849567362383,0.9,0.8707691773181145,False
130795,G46,1,1.0,0.03459382644624179,0.3870967741935484,0.5988348970323425,1.0,0.8834819827532943,False
130795,G46,1,1.0,0.03510879213309335,0.3709677419354839,0.5991277293390024,1.0,0.8816651865712659,False
130795,G46,1,1.0,0.047063116526968714,0.3870967741935484,0.6064363657371294,1.0,0.8829411137115232,False
49566,F42,1,1.0,0.04521032314007807,0.3870967741935484,0.6040284521713901,1.0,0.8828794336916511,False
49566,F42,1,1.0,0.05180487338412556,0.3870967741935484,0.5889396789436242,1.0,0.8804701755281162,False
49566,F42,1,1.0,0.05244661812535421,0.3870967741935484,0.5901620862400525,0.5,0.8249791380342496,False
49566,F42,1,1.0,0.04739497531988081,0.3870967741935484,0.596251641399673,0.8,0.8595503822525934,False
110697,G46,1,0.0,0.04146700406558177,0.3709677419354839,0.5973152797474945,0.0,0.21409066862415516,False
110697,G46,1,1.0,0.04410904714986228,0.3709677419354839,0.603730553297141,0.9,0.8700654720091959,False
110697,G46,1,0.0,0.056748788870373885,0.3709677419354839,0.6003527706490146,0.0,0.2127301915237916,False
110697,G46,1,1.0,0.0584648839238157,0.3709677419354839,0.6007903291630934,1.0,0.8792547985749735,False
14530,G46,1,0.0,0.16072819997597046,0.45161290322580644,0.478703449621457,0.2,0.21884312809681034,False
14530,G46,1,1.0,0.18726047366315846,0.3064516129032258,0.44141530763799486,1.0,0.8400673829864513,False
14530,G46,1,0.0,0.22180839660958432,0.3870967741935484,0.38062228017956345,0.0,0.17176785086261415,False
14530,G46,1,0.0,0.20643748026166844,0.3709677419354839,0.4399918639435494,0.0,0.17828023617970723,False
99292,G46,1,0.0,0.035281758368260766,0.41935483870967744,0.6027874899792512,0.0,0.22076228559118535,False
99292,G46,1,0.0,0.044970919031466765,0.41935483870967744,0.6048175264151836,0.0,0.21991127178815492,False
99292,G46,1,0.0,0.0560275942550608,0.41935483870967744,0.6009515296227905,0.0,0.21825319711971192,False
99292,G46,1,0.0,0.06738030357673035,0.41935483870967744,0.5963556093129091,0.0,0.21648112716065068,False
42070,F42,1,1.0,0.005238403144815948,0.7741935483870968,0.5967043694892986,1.0,0.9295177238590644,False
42070,F42,1,1.0,0.016984997152199036,0.4032258064516129,0.5886003884508335,1.0,0.8860934664166942,False
42070,F42,1,1.0,0.04112769550338221,0.4032258064516129,0.5824617743199365,1.0,0.8827288761409074,False
42070,F42,1,1.0,0.04271679299830196,0.4032258064516129,0.5998683445848029,1.0,0.8844863731153461,False
112779,F42,1,0.0,0.07178108881351934,0.3870967741935484,0.5837758451099972,0.0,0.2110101700544474,False
112779,F42,1,0.0,0.09517057090880367,0.3548387096774194,0.5998281828631284,0.0,0.20661070240352714,False
112779,F42,1,1.0,0.14707770528024505,0.3870967741935484,0.4194003353474557,0.8,0.8288243782511954,False
112779,F42,1,0.0,0.15563344207520233,0.3387096774193548,0.4982853817127054,0.0,0.186817957450762,False
139688,L68,1,1.0,0.06773819857494108,0.3870967741935484,0.5606593922347606,1.0,0.8755575519837075,False
139688,L68,1,0.0,0.09440114181750715,0.3870967741935484,0.5596195269812068,0.4,0.2502572399285831,False
139688,L68,1,1.0,0.06288502184909774,0.3870967741935484,0.5580895446618491,1.0,0.875811255222922,False
139688,L68,1,1.0,0.0943347695504468,0.3709677419354839,0.4959235565139755,1.0,0.8636173920998904,False
4277,F42,1,1.0,0.2211436395346899,0.4838709677419355,0.4423770358955279,1.0,0.8561227071225305,False
4277,F42,1,1.0,0.19224793446921407,0.46774193548387094,0.39653232024711993,1.0,0.8524473690290864,False
4277,F42,1,0.0,0.21590884134227198,0.4838709677419355,0.361475469631634,0.0,0.18104862178125528,False
4277,F42,1,0.0,0.19248025751684214,0.5,0.36681406555950946,0.0,0.1860370897825186,False
36786,G46,1,0.0,0.063015750098035,0.3709677419354839,0.5307729190569426,0.0,0.2043027678771546,False
36786,G46,1,1.0,0.07974379547570709,0.3387096774193548,0.5418423161158676,1.0,0.8667564664510573,False
36786,G46,1,1.0,0.08362731930974117,0.3548387096774194,0.5161767046944186,1.0,0.8652653438957886,False
36786,G46,1,1.0,0.09477026050578062,0.3548387096774194,0.5181918973573016,1.0,0.8642511496143267,False
92436,F42,1,1.0,0.007358235785237745,0.7903225806451613,0.5989450736102979,1.0,0.9313232687189136,False
92436,F42,1,1.0,0.14176727861539962,0.5967741935483871,0.4297750748339243,1.0,0.876086887751879,False
92436,F42,1,1.0,0.10805847406664502,0.5483870967741935,0.475058732418043,1.0,0.8794874839028436,False
92436,F42,1,1.0,0.10875763266900167,0.532258064516129,0.5225451585662082,0.9,0.8717828433792596,False
55673,G46,1,1.0,0.12643916301842933,0.3387096774193548,0.49070762961891495,1.0,0.855886460446649,False
55673,G46,1,1.0,0.16807300140199252,0.3387096774193548,0.41111336502325824,1.0,0.8424166712267356,False
55673,G46,1,1.0,0.09723190858427884,0.3548387096774194,0.5432673706372677,1.0,0.8667637968589342,False
55673,G46,1,1.0,0.16629835704805299,0.3709677419354839,0.47639566036469194,1.0,0.8534516716946804,False
72509,L68,1,0.0,0.039551883600877635,0.3870967741935484,0.5941752224086063,0.0,0.21574667922236412,False
72509,L68,1,0.0,0.04753933382132592,0.3870967741935484,0.587526548127346,0.0,0.2141204431666187,False
72509,L68,1,1.0,0.03716761701305378,0.3709677419354839,0.5980518244477601,0.4,0.8146502165966878,False
72509,L68,1,0.0,0.062159531352219265,0.3870967741935484,0.5798670815348891,0.3,0.24497825826402422,False
17279,G46,1,1.0,0.041579008841599784,0.3548387096774194,0.5911985910575722,1.0,0.8782731435437101,False
17279,G46,1,1.0,0.05173551666963017,0.3548387096774194,0.6006135704567142,1.0,0.8781907514960559,False
17279,G46,1,1.0,0.05702887688218718,0.3548387096774194,0.6054030545989796,1.0,0.8781347652660235,False
17279,G46,1,1.0,0.05319555577688092,0.3548387096774194,0.5962994880956858,1.0,0.8775491824440249,False
78385,G46,1,0.0,0.09196189861337947,0.3387096774193548,0.5210105685842021,0.0,0.19641759415446416,False
78385,G46,1,0.0,0.17543153900169234,0.3225806451612903,0.37430905432196593,0.0,0.16905090672017378,False
78385,G46,1,1.0,0.20100278265222812,0.3225806451612903,0.34969273828731295,1.0,0.8301411778662638,False
55677,F42,1,1.0,0.10093937759494671,0.3387096774193548,0.6054069405955524,1.0,0.87146413782444,False
55677,F42,1,1.0,0.09280386374504418,0.3387096774193548,0.6145042401283576,1.0,0.8733788948669631,False
55677,F42,1,0.0,0.12814780182201013,0.3548387096774194,0.5952340261410234,0.1,0.21354721488849251,False
55677,F42,1,1.0,0.13536234866383123,0.3548387096774194,0.5915073262935187,1.0,0.8678870763674563,False
54570,L68,1,1.0,0.06853365449115724,0.43548387096774194,0.6085234035681384,1.0,0.8861637355605249,False
54570,L68,1,1.0,0.07038017835530798,0.43548387096774194,0.6027323608038493,1.0,0.8853151170462538,False
54570,L68,1,1.0,0.06417650978836137,0.41935483870967744,0.6100501216813408,1.0,0.8850253834002951,False
54570,L68,1,1.0,0.040000676967733614,0.41935483870967744,0.5930176595202055,1.0,0.8858190912513498,False
45618,G47,1,0.0,0.06402555626703033,0.3709677419354839,0.5937066303241756,0.0,0.2111832017769588,False
45618,G47,1,0.0,0.050094806152348556,0.3870967741935484,0.5897768429035742,0.2,0.2363087567716416,False
45618,G47,1,1.0,0.20357621742137158,0.3387096774193548,0.4226325935674973,1.0,0.8397517837294979,False
45618,G47,1,1.0,0.1682422116366122,0.3387096774193548,0.40509879576121754,1.0,0.8417295846159956,False
99552,G46,1,1.0,0.03931853142918792,0.4032258064516129,0.5860386386182938,1.0,0.8833273237378576,False
99552,G46,1,1.0,0.04649143429924654,0.4032258064516129,0.5832234687270795,0.4,0.8155508712088273,False
99552,G46,1,1.0,0.04454182985423968,0.4032258064516129,0.5936357694021662,1.0,0.8835910828888377,False
99552,G46,1,1.0,0.04681962821339388,0.4032258064516129,0.5970395880802626,0.7,0.8503828629242758,False
104575,G46,1,0.0,0.028281453604672876,0.3387096774193548,0.6093797918975576,0.0,0.21331200174580442,False
104575,G46,1,1.0,0.059515827967077856,0.3548387096774194,0.5900174533180684,0.3,0.7983711483364899,False
104575,G46,1,1.0,0.06083385366374058,0.3548387096774194,0.6069352555423451,0.8,0.8556600123951137,False
104575,G46,1,1.0,0.033035678366071346,0.3548387096774194,0.6105756568507246,0.9,0.8702642986846747,False
85292,F42,1,0.0,0.07625622393241568,0.3387096774193548,0.5811372963207263,0.0,0.20484341664529618,False
85292,F42,1,1.0,0.10604481262209894,0.3548387096774194,0.5705247041382149,1.0,0.8688131779103928,False
85292,F42,1,0.0,0.07656818641081245,0.3387096774193548,0.5699469053862383,0.2,0.2257875995994201,False
85292,F42,1,1.0,0.07067446227330086,0.3387096774193548,0.5785349674388447,1.0,0.8718411313983221,False
60536,G47,1,1.0,0.04547403233292365,0.3870967741935484,0.6013897488908304,1.0,0.8825569434168283,False
60536,G47,1,1.0,0.059454664768504015,0.3870967741935484,0.5950113011171776,1.0,0.8802948233935802,False
60536,G47,1,1.0,0.08835896837829937,0.3870967741935484,0.5713474583909064,0.6,0.8300094738006839,False
60536,G47,1,1.0,0.11007090932730466,0.3870967741935484,0.5805311999709304,1.0,0.8730618960930193,False
15091,G46,1,1.0,0.0053194449721617265,0.7258064516129032,0.5545051130871794,1.0,0.9194435688586579,False
15091,G46,1,1.0,0.0893085204098144,0.5,0.4955756223579322,1.0,0.8784741224386797,False
15091,G46,1,1.0,0.07890808844184322,0.46774193548387094,0.5205488870153087,1.0,0.8788203037841485,False
15091,G46,1,1.0,0.02199041118283251,0.3548387096774194,0.5537362910341195,1.0,0.8762871766143007,False
18857,G46,1,0.0,0.10324933153646858,0.3709677419354839,0.5859560120689709,0.0,0.20596382471866514,False
18857,G46,1,0.0,0.08388688559132715,0.3709677419354839,0.603971143790851,0.0,0.21011688890388974,False
18857,G46,1,1.0,0.09414532922364816,0.3709677419354839,0.5944630748570046,0.9,0.8634761652854267,False
18857,G46,1,0.0,0.08443406747311352,0.3709677419354839,0.6080403928744398,0.0,0.21050822970409,False
87488,F42,1,0.0,0.001887337647257145,0.8548387096774194,0.5792015043128207,0.4,0.31468365292699807,False
87488,F42,1,1.0,0.043966658095747936,0.4838709677419355,0.6069825687463533,1.0,0.8940985420436157,False
87488,F42,1,1.0,0.0242363028042729,0.4838709677419355,0.5787091557757673,1.0,0.8931493134126034,False
87488,F42,1,1.0,0.05947305349065933,0.4838709677419355,0.591839425929732,1.0,0.8906930377978897,False
31980,G46,1,1.0,0.019680618417329064,0.4032258064516129,0.5977143456094145,1.0,0.8868066148492999,False
31980,G46,1,1.0,0.016498901303011786,0.4032258064516129,0.5998294377440778,0.7,0.8540618158769644,False
31980,G46,1,1.0,0.033101225329900716,0.4032258064516129,0.5930384234918786,0.9,0.873684778290399,False
31980,G46,1,1.0,0.0435556800114359,0.4032258064516129,0.602343425897845,1.0,0.8846681724820025,False
45511,G46,1,0.0,0.12517887718674886,0.3548387096774194,0.4934696385006397,0.3,0.22479216344347888,False
45511,G46,1,1.0,0.1351687370320571,0.3548387096774194,0.482997350280592,1.0,0.8558519247695505,False
45511,G46,1,1.0,0.1266718002325266,0.3387096774193548,0.5143186999096072,1.0,0.8584840641218262,False
45511,G46,1,0.0,0.14303262620438853,0.3225806451612903,0.47196281254746625,0.0,0.18350120350048535,False
75921,F42,1,1.0,0.0005084019631753449,0.9032258064516129,0.5611042423706949,0.9,0.9293135163176814,False
75921,F42,1,1.0,0.011426382822373704,0.532258064516129,0.5550148020068935,1.0,0.8973162759667387,False
75921,F42,1,1.0,0.06778087044725922,0.4838709677419355,0.565747402449746,1.0,0.8868708333049358,False
75921,F42,1,1.0,0.025910990893157564,0.46774193548387094,0.5790215313756106,1.0,0.8912058306629249,False
24382,G46,1,0.0,0.062304472554374726,0.4032258064516129,0.5791478205895636,0.1,0.22445212827631134,False
24382,G46,1,0.0,0.055301598533825096,0.3870967741935484,0.5363873979311725,0.1,0.21868695262121063,False
24382,G46,1,0.0,0.0537668489952119,0.4032258064516129,0.5871099636995469,0.0,0.2151743245728831,False
24382,G46,1,1.0,0.06309166172980951,0.3709677419354839,0.5460816182375474,1.0,0.8726619664936913,False
82493,G47,1,1.0,0.14082100708108652,0.3870967741935484,0.5329193803010788,1.0,0.8643550163792822,False
82493,G47,1,0.0,0.07550600454725274,0.3870967741935484,0.6001445033937685,0.0,0.2124150303377849,False
82493,G47,1,0.0,0.08400625874457021,0.3548387096774194,0.5941150157064558,0.0,0.207216385182145,False
82493,G47,1,0.0,0.10819791934195398,0.3064516129032258,0.5696864819489242,0.0,0.19643779727891067,False
45387,F42,1,1.0,0.03312356231425155,0.41935483870967744,0.5929392716267445,1.0,0.8865745053357966,False
45387,F42,1,1.0,0.041829063661673285,0.41935483870967744,0.5958943655451097,0.7,0.8526022378436793,False
45387,F42,1,1.0,0.044347251432051364,0.41935483870967744,0.5863987028998825,1.0,0.884600698908612,False
45387,F42,1,1.0,0.07897510128143033,0.41935483870967744,0.5804950656950529,1.0,0.8800972003470333,False
27832,G46,1,0.0,0.05782205163908743,0.4032258064516129,0.6075229130319381,0.4,0.2614362964271626,False
27832,G46,1,1.0,0.06900502147465833,0.4032258064516129,0.5927708956453961,1.0,0.8807768534024834,False
27832,G46,1,1.0,0.049951565829040326,0.4032258064516129,0.6105838426074623,1.0,0.8848731203588928,False
27832,G46,1,1.0,0.07548498390654698,0.41935483870967744,0.5913045646689106,1.0,0.8816860466080045,False
123568,G46,1,0.0,0.056938061514244825,0.3548387096774194,0.6120446199256823,0.2,0.23443836312098412,False
123568,G46,1,0.0,0.09518999612221489,0.3548387096774194,0.6005831623894697,0.0,0.20669243066051937,False
123568,G46,1,0.0,0.0901812666067882,0.3548387096774194,0.6027844084306078,0.0,0.20749353905569323,False
123568,G46,1,1.0,0.08444649057123911,0.3548387096774194,0.6067331504080284,0.9,0.8641250410571343,False
16665,G46,1,0.0,0.06952206412640684,0.45161290322580644,0.6009175233765858,0.0,0.2203342624973317,False
16665,G46,1,0.0,0.05031707284592193,0.43548387096774194,0.5911191300297316,0.0,0.21958732535017242,False
16665,G46,1,0.0,0.08518004421167076,0.43548387096774194,0.588030914681357,0.0,0.21537052682638091,False
16665,G46,1,0.0,0.0994259655703909,0.43548387096774194,0.5950657102727115,0.0,0.21456929063000696,False
55451,F42,1,1.0,0.08290375702889544,0.3709677419354839,0.5409834116413632,0.9,0.8587830440608836,False
55451,F42,1,0.0,0.24066295182152356,0.27419354838709675,0.38003439192547717,0.0,0.1570627764990056,False
26437,F42,1,0.0,0.10786058320423358,0.3387096774193548,0.5547584889033106,0.0,0.19840084256871462,False
26437,F42,1,0.0,0.20879672691399012,0.3225806451612903,0.4032094227737756,0.0,0.1685548156690084,False
26437,F42,1,1.0,0.12028466375854778,0.3064516129032258,0.5150478904433942,1.0,0.855690537732008,False
26437,F42,1,0.0,0.08932728777020878,0.2903225806451613,0.5619523346546573,0.0,0.1958830697255122,False
116076,G46,1,0.0,0.05682499966099221,0.4032258064516129,0.5733970227032301,0.0,0.2133108699437612,False
116076,G46,1,0.0,0.11350125876012054,0.3870967741935484,0.45488554048789537,0.0,0.19205345065792478,False
116076,G46,1,1.0,0.11111374275666261,0.3870967741935484,0.5214422943198576,1.0,0.8663805917507492,False
116076,G46,1,0.0,0.0715865536800021,0.3709677419354839,0.5759962099548841,0.0,0.20837526646781843,False
144213,G46,1,1.0,0.0058036886172529445,0.7419354838709677,0.6122001290605578,1.0,0.9275924360349193,False
144213,G46,1,1.0,0.020816239520629606,0.3709677419354839,0.6107248652734432,1.0,0.8845418186320331,False
144213,G46,1,1.0,0.04505758196246134,0.3709677419354839,0.6032459821022929,1.0,0.8810173491194795,False
144213,G46,1,1.0,0.04580613894382212,0.3709677419354839,0.61124060943702,1.0,0.8818224680476313,False
79483,G47,1,0.0,0.09768643817067964,0.3548387096774194,0.5601524717494835,0.0,0.20192274925069148,False
79483,G47,1,1.0,0.1542858166170382,0.3225806451612903,0.5395492659272607,0.9,0.8453160104968347,False
79483,G47,1,0.0,0.1765919689169485,0.3548387096774194,0.48254234866701834,0.3,0.21786545438083216,False
79483,G47,1,0.0,0.1905918630072491,0.3225806451612903,0.4237504032492797,0.0,0.1728599094892579,False
109902,G47,1,1.0,0.003778155541345315,0.7580645161290323,0.595790115649283,1.0,0.927786275137441,False
109902,G47,1,1.0,0.032169517236102785,0.3709677419354839,0.6124908459820678,1.0,0.8834765634090499,False
109902,G47,1,1.0,0.049293691328544754,0.3870967741935484,0.6065835207838666,1.0,0.8827096226276522,False
109902,G47,1,1.0,0.10317625647088852,0.3870967741935484,0.5818314989828588,1.0,0.8739724463006131,False
102999,G46,1,1.0,0.04890478953291539,0.4032258064516129,0.5503643202333908,1.0,0.8782983707946764,False
102999,G46,1,1.0,0.04555825170606175,0.4032258064516129,0.594099546820489,1.0,0.8835296779517823,False
102999,G46,1,1.0,0.027684328829180923,0.4032258064516129,0.597105773777014,1.0,0.8858496945999385,False
102999,G46,1,1.0,0.07103989728938596,0.4032258064516129,0.606869961498702,1.0,0.8821173189623255,False
96776,F42,1,1.0,0.05056243262325112,0.3870967741935484,0.6039133182550067,1.0,0.8822719622028115,False
96776,F42,1,1.0,0.04265303795906035,0.3870967741935484,0.5965230560771919,1.0,0.8823296435901866,False
96776,F42,1,1.0,0.07826959386734873,0.3709677419354839,0.5489293589828099,1.0,0.8712919452278828,False
96776,F42,1,1.0,0.07444880914353964,0.3709677419354839,0.6039028150202881,1.0,0.8778246386458036,False
10871,G47,1,0.0,0.003740260465771092,0.7903225806451613,0.5711264893275385,0.6,0.32863431216743655,False
10871,G47,1,1.0,0.09201642305060782,0.5645161290322581,0.5507717788286517,1.0,0.8914746094233669,False
10871,G47,1,1.0,0.044499182390652176,0.41935483870967744,0.5963623642138942,1.0,0.8856908911703244,False
10871,G47,1,1.0,0.042839698639575124,0.41935483870967744,0.5965672280801495,1.0,0.8858980409055834,False
141812,F42,1,1.0,0.0654933386197198,0.43548387096774194,0.5696651953122351,0.9,0.8710728586289176,False
141812,F42,1,1.0,0.07087402848690741,0.41935483870967744,0.5871231466499727,0.7,0.8484004396525271,False
141812,F42,1,0.0,0.060167989755909465,0.41935483870967744,0.5789502498868029,0.0,0.2153485665378412,False
141812,F42,1,1.0,0.056944393802655736,0.41935483870967744,0.5747271461406049,1.0,0.8819041767830695,False
143179,G46,1,1.0,0.034580910776000374,0.3870967741935484,0.6110732676369233,1.0,0.8848432367838301,False
143179,G46,1,1.0,0.04064069237597546,0.3870967741935484,0.6055860167354579,0.8,0.8613380109503368,False
143179,G46,1,0.0,0.049212886601872737,0.3870967741935484,0.598766870762046,0.4,0.25962786203930244,False
143179,G46,1,0.0,0.0555798796605589,0.3870967741935484,0.5925759560081565,0.2,0.236010316726794,False
77741,G46,1,1.0,0.03860585610791294,0.3870967741935484,0.5777359394309651,0.7,0.8473585397240666,False
77741,G46,1,0.0,0.06259957330657868,0.3870967741935484,0.5911825519564381,0.4,0.2572977503159342,False
77741,G46,1,0.0,0.07650726524461988,0.3870967741935484,0.6017479286986855,0.0,0.21248193751640157,False
77741,G46,1,1.0,0.08413625883179637,0.3870967741935484,0.6037535471888852,0.9,0.8674126736167376,False
149657,L68,1,1.0,0.09353476077230664,0.41935483870967744,0.6063623133207421,1.0,0.8813535990286793,False
149657,L68,1,0.0,0.0757013015200867,0.4032258064516129,0.5985050606887563,0.0,0.2140032850689203,False
149657,L68,1,1.0,0.07742043737533785,0.41935483870967744,0.5761490407194066,0.7,0.8464537157837495,False
149657,L68,1,1.0,0.08858384385306829,0.4032258064516129,0.6039356060644903,1.0,0.8798419520736706,False
37016,G46,1,0.0,0.04734739599674167,0.3870967741935484,0.6024312196661403,0.0,0.2157978442069941,False
37016,G46,1,0.0,0.0631972270328532,0.3870967741935484,0.5979876209884185,0.0,0.21354301868323486,False
37016,G46,1,0.0,0.04510735115543594,0.3870967741935484,0.5988024857159613,0.0,0.2156435454171193,False
37016,G46,1,0.0,0.06663457240664492,0.3870967741935484,0.6035512238403221,0.0,0.21377926951413617,False
67893,G46,1,1.0,0.0925954733082144,0.3548387096774194,0.5505367473286613,1.0,0.8680866648553185,False
67893,G46,1,1.0,0.08709318885497305,0.3225806451612903,0.5463754581445744,1.0,0.8646514349389879,False
67893,G46,1,1.0,0.10177219828209429,0.3387096774193548,0.5485211667380563,1.0,0.865050960652813,False
67893,G46,1,1.0,0.12728976551829818,0.3548387096774194,0.5053349097787747,1.0,0.8592093171042107,False
74625,G46,1,1.0,0.005605750565199519,0.7419354838709677,0.6014434367369289,1.0,0.9264192411158554,False
74625,G46,1,1.0,0.02997341299183455,0.3709677419354839,0.582832558107899,1.0,0.8804252096723943,False
74625,G46,1,1.0,0.04107155932162274,0.3709677419354839,0.5829848504361443,1.0,0.8792090036722229,False
74625,G46,1,1.0,0.04208767386703913,0.3709677419354839,0.5957602230278001,1.0,0.8805155878995827,False
145231,G46,1,1.0,0.004420397041903715,0.7580645161290323,0.6060681118893675,1.0,0.9288569145529438,False
145231,G46,1,1.0,0.10764046134147125,0.5,0.4952409137584528,1.0,0.8764000502685535,False
145231,G46,1,1.0,0.12507494434297065,0.45161290322580644,0.47504649297480406,1.0,0.866842716873071,False
145231,G46,1,1.0,0.04627812043092931,0.3870967741935484,0.6123032221139779,1.0,0.8836802084307329,False
112897,G47,1,1.0,0.040330074203914816,0.3709677419354839,0.6029969681538906,0.8,0.8592927373206066,False
112897,G47,1,0.0,0.05066372644080398,0.3709677419354839,0.5875340512188634,0.0,0.2119820074126159,False
112897,G47,1,1.0,0.05466996320044752,0.3709677419354839,0.5987368110242348,1.0,0.8794482877510301,False
112897,G47,1,1.0,0.06047782232612019,0.3709677419354839,0.5961438585943708,1.0,0.8785148642448593,False
44681,F42,1,1.0,0.05489290821829441,0.4032258064516129,0.5829802863161928,1.0,0.8812570205055014,False
44681,F42,1,1.0,0.04668482799553703,0.4032258064516129,0.5906521643185921,1.0,0.8830214603082964,False
44681,F42,1,1.0,0.07673821368848888,0.4032258064516129,0.5930447370523619,1.0,0.8799480366461652,False
44681,F42,1,1.0,0.07156633630457572,0.4032258064516129,0.5931455802305723,1.0,0.880533894486401,False
41547,G46,1,0.0,0.07808813590730854,0.3709677419354839,0.599173774580291,0.0,0.2102281534009407,False
41547,G46,1,1.0,0.07591762298842582,0.3870967741935484,0.6100362699787947,1.0,0.880135046798213,False
41547,G46,1,0.0,0.06728963881588286,0.3870967741935484,0.6101172044134348,0.0,0.2144360377545667,False
41547,G46,1,1.0,0.07807130624348406,0.3709677419354839,0.6148716742301614,1.0,0.8786409011024623,False
6423,F42,1,1.0,0.0688875023700967,0.3709677419354839,0.5826533095575119,1.0,0.8760815054580999,False
6423,F42,1,0.0,0.0594923889291007,0.3709677419354839,0.555967739812974,0.0,0.2074936769799286,False
6423,F42,1,1.0,0.08004005939650093,0.3709677419354839,0.5771616907940872,1.0,0.8742321525925634,False
6423,F42,1,1.0,0.06733641906457193,0.3709677419354839,0.5932969894021468,1.0,0.877436479141451,False
74582,G47,1,1.0,0.004278164025073562,0.7741935483870968,0.591843053365441,1.0,0.929084270858607,False
74582,G47,1,1.0,0.09136184198852378,0.4032258064516129,0.600980712051242,1.0,0.8792049640571479,False
74582,G47,1,1.0,0.0611625646206899,0.4032258064516129,0.5987732867482839,1.0,0.8823151698421341,False
74582,G47,1,1.0,0.10834779537622291,0.4032258064516129,0.5928341481546526,1.0,0.8764124621366715,False
70258,F42,1,1.0,0.0016060638486022185,0.8387096774193549,0.5721885856454534,1.0,0.9343657999129119,False
70258,F42,1,1.0,0.012963489132346155,0.46774193548387094,0.5862781858574155,1.0,0.8934507369121045,False
70258,F42,1,1.0,0.03384017264923706,0.45161290322580644,0.5905936180175464,1.0,0.889818483177124,False
70258,F42,1,1.0,0.028646285384250788,0.45161290322580644,0.5461016344972798,1.0,0.8854520280376483,False
40961,G47,1,1.0,0.07221331643003995,0.3387096774193548,0.6000462917282416,1.0,0.8740602947463951,False
40961,G47,1,1.0,0.0701873186513828,0.3387096774193548,0.6017522255724804,1.0,0.8744749538156058,False
40961,G47,1,1.0,0.07243381635993927,0.3387096774193548,0.5852702135629334,0.7,0.8390606749580388,False
40961,G47,1,1.0,0.09477540258852528,0.3387096774193548,0.6099485407410163,1.0,0.8726536461746496,False
37640,G46,1,0.0,0.11284329600740696,0.3709677419354839,0.5959773261320724,0.0,0.20601130800668327,False
37640,G46,1,1.0,0.15529670850798014,0.3387096774193548,0.5454382817689727,1.0,0.8587612500755941,False
37640,G46,1,1.0,0.22594941323009624,0.3225806451612903,0.36356778627251496,1.0,0.8289110020226343,False
37640,G46,1,1.0,0.16249658503983427,0.3225806451612903,0.526519761476365,1.0,0.8540670912886468,False
93760,G46,1,1.0,0.05054073398618716,0.43548387096774194,0.599352772019804,0.8,0.8649217676668176,False
93760,G46,1,1.0,0.018963774725589813,0.41935483870967744,0.5919937066617142,1.0,0.888042752293978,False
93760,G46,1,1.0,0.024502146367217918,0.43548387096774194,0.6044863274777637,0.8,0.8683853391198098,False
93760,G46,1,1.0,0.05065228254573101,0.41935483870967744,0.5400359220621225,1.0,0.8787487198028965,False
138516,F42,1,0.0,0.1347663297650029,0.3548387096774194,0.5654211447990614,0.0,0.19838816941238643,False
138516,F42,1,1.0,0.18453412126612295,0.3548387096774194,0.44928839532467635,1.0,0.8466214426373303,False
138516,F42,1,1.0,0.1652738674312623,0.3709677419354839,0.4534642974508547,1.0,0.8510175746616752,False
46400,G47,1,1.0,0.11215664572773458,0.3709677419354839,0.517378666539984,1.0,0.8640210847497481,False
46400,G47,1,1.0,0.11834696434098019,0.3870967741935484,0.5270218071296875,1.0,0.8661968463313617,False
46400,G47,1,1.0,0.08880337883002752,0.4032258064516129,0.5961723761899721,1.0,0.8789549782012842,False
46400,G47,1,1.0,0.08909466000450435,0.4032258064516129,0.5370113978328124,1.0,0.8723491715866579,False
67424,G46,1,1.0,0.006585925822529181,0.7580645161290323,0.5906613802363314,0.9,0.9157933300603148,False
67424,G46,1,1.0,0.042718202612642135,0.3870967741935484,0.5904163218083642,1.0,0.8816438770432522,False
67424,G46,1,1.0,0.04942218652215387,0.3870967741935484,0.5929953038034171,1.0,0.8811855434972012,False
67424,G46,1,1.0,0.04494445131747191,0.3870967741935484,0.5932848197059797,1.0,0.881715238064673,False
136315,F42,1,1.0,0.006128906790722894,0.7258064516129032,0.6071936377010474,1.0,0.9252079091692474,False
136315,F42,1,1.0,0.04205786757443008,0.3548387096774194,0.6113145794237418,1.0,0.8804550468363035,False
136315,F42,1,1.0,0.04411933847932051,0.3548387096774194,0.604970309018757,1.0,0.8795210755796506,False
136315,F42,1,1.0,0.04168166369513913,0.3548387096774194,0.5849930800668134,1.0,0.877572236227677,False
4989,F42,1,0.0,0.0661687648230131,0.3064516129032258,0.5509126419603558,0.0,0.19902172111561872,False
117182,F42,1,1.0,0.036778403628670374,0.3870967741935484,0.6106224088569854,1.0,0.8845489754913181,False
117182,F42,1,1.0,0.084422846185611,0.4032258064516129,0.5800363724920964,1.0,0.8776488147508998,False
117182,F42,1,1.0,0.080942845034385,0.4032258064516129,0.5878591882269445,1.0,0.8789046832937969,False
117182,F42,1,1.0,0.060934933522855186,0.3870967741935484,0.5760880094777519,1.0,0.878027761127605,False
85759,G46,1,0.0,0.04324617428674799,0.4032258064516129,0.6015822165644447,0.0,0.21795131652547883,False
85759,G46,1,0.0,0.046802104774255886,0.4032258064516129,0.6049127218437329,0.0,0.2179262692801211,False
85759,G46,1,0.0,0.054473031079887047,0.4032258064516129,0.5995782327106055,0.0,0.21648122312025903,False
85759,G46,1,0.0,0.051824941638258355,0.3870967741935484,0.568830178985361,0.0,0.21156689017118346,False
78946,G47,1,1.0,0.10788067566986533,0.2903225806451613,0.4876923012412977,1.0,0.8522371340240659,False
78946,G47,1,0.0,0.1343518960335855,0.3225806451612903,0.4472463291760057,0.0,0.18171945314485674,False
28513,G46,1,0.0,0.06238356266154872,0.4032258064516129,0.5940201348976404,0.0,0.21498470874307826,False
28513,G46,1,0.0,0.05338305266171068,0.4032258064516129,0.5878122816327018,0.0,0.2152950039358449,False
28513,G46,1,0.0,0.06000294903836326,0.4032258064516129,0.6052104469115198,0.0,0.21649258936941884,False
28513,G46,1,0.0,0.06480836131071141,0.4032258064516129,0.6007432587571704,0.0,0.2154623004331191,False
119114,G46,1,0.0,0.11883904049874046,0.3870967741935484,0.6113197745672536,0.0,0.20884194536245126,False
119114,G46,1,0.0,0.13616960347131,0.3870967741935484,0.6111645320947934,0.0,0.2068990780907813,False
119114,G46,1,0.0,0.133234122707255,0.3870967741935484,0.6000386671567239,0.0,0.2059890354047797,False
119114,G46,1,0.0,0.13593277568375015,0.3870967741935484,0.5995603320569771,0.0,0.2056360367296417,False
14874,G47,1,1.0,0.06035767265355144,0.41935483870967744,0.5943698106683054,0.8,0.8614852196360478,False
14874,G47,1,1.0,0.07006448262835484,0.41935483870967744,0.5986037351234847,0.3,0.805321565689423,False
14874,G47,1,1.0,0.06838096527822067,0.41935483870967744,0.5942167705476624,0.8,0.8605767382199021,False
14874,G47,1,1.0,0.04330698220857031,0.41935483870967744,0.6020688760106766,0.6,0.8420129702790871,False
135341,G47,1,0.0,0.049496518313541744,0.41935483870967744,0.5936427225501204,0.0,0.218166782549584,False
135341,G47,1,1.0,0.07822070820330461,0.4032258064516129,0.6007499199639367,0.7,0.8473061131346938,False
135341,G47,1,0.0,0.0727753469405522,0.4032258064516129,0.6040883340565457,0.0,0.21494875484084516,False
135341,G47,1,0.0,0.04343186037899746,0.41935483870967744,0.6047243752652636,0.0,0.22007192817732704,False
120393,G46,1,1.0,0.08449017780553723,0.3225806451612903,0.5514582489342319,1.0,0.8655054129211094,False
120393,G46,1,1.0,0.0671068471891007,0.3225806451612903,0.5873168335199841,1.0,0.8714211812769082,False
120393,G46,1,0.0,0.17818040368597984,0.3225806451612903,0.37126615778864724,0.0,0.16840737769599531,False
120393,G46,1,1.0,0.1164960861642814,0.3548387096774194,0.5151966555257421,0.8,0.839282142115431,False
147932,G46,1,0.0,0.04424306932702752,0.45161290322580644,0.598457953383396,0.0,0.2228697541424639,False
147932,G46,1,0.0,0.07722947222906784,0.41935483870967744,0.5981744914786593,0.0,0.21558887310658545,False
147932,G46,1,0.0,0.09882132657012936,0.3709677419354839,0.5619193170466672,0.0,0.20378508137911353,False
147932,G46,1,1.0,0.11067063826347304,0.4032258064516129,0.5414782617165114,1.0,0.8704481588782946,False
116965,G46,1,0.0,0.0028318519840381967,0.7580645161290323,0.5966586973403191,0.0,0.261321262387257,False
116965,G46,1,0.0,0.04377470710970851,0.3709677419354839,0.6015043641514665,0.2,0.2365219332196936,False
116965,G46,1,1.0,0.05082808893347466,0.3709677419354839,0.5858735793637139,1.0,0.8784459147073025,False
116965,G46,1,0.0,0.06031214046702767,0.3709677419354839,0.6072412762080652,0.5,0.2686552086307246,False
141694,G46,1,1.0,0.13790967960521333,0.3548387096774194,0.48608366393050306,1.0,0.8558902993336344,False
141694,G46,1,1.0,0.17223351040922377,0.3387096774193548,0.46659172897980594,1.0,0.848118655109993,False
141694,G46,1,1.0,0.15387415900482418,0.3387096774193548,0.5101725895116789,1.0,0.85500090088069,False
141694,G46,1,1.0,0.1707370701993336,0.3387096774193548,0.4399706956615633,1.0,0.8453270336535095,False
33023,G47,1,0.0,0.029861766349188343,0.45161290322580644,0.5949781793193765,0.0,0.22408103513288827,False
33023,G47,1,0.0,0.04829329230301779,0.45161290322580644,0.5772226175931237,0.3,0.25339358094621245,False
33023,G47,1,0.0,0.06513198471063904,0.43548387096774194,0.5506883205435862,0.0,0.21344891186674322,False
33023,G47,1,1.0,0.024355987167411063,0.43548387096774194,0.6002770604077683,1.0,0.890156104912011,False
139546,G46,1,1.0,0.0034469252101244764,0.8064516129032258,0.596015746666407,1.0,0.933224492706612,False
139546,G46,1,1.0,0.10288057945600547,0.6612903225806451,0.42643917563851275,1.0,0.887205435418128,False
139546,G46,1,1.0,0.12520424370585823,0.4838709677419355,0.4923616356357897,1.0,0.8723364844079852,False
139546,G46,1,1.0,0.12177325621929595,0.46774193548387094,0.470719635969797,1.0,0.8685209239149302,False
73791,F42,1,1.0,0.02110092724817276,0.43548387096774194,0.5943223898696437,0.8,0.8676339259543568,False
73791,F42,1,1.0,0.02892357467978497,0.43548387096774194,0.6024561522369158,1.0,0.8898907165027635,False
73791,F42,1,1.0,0.022578390800049242,0.43548387096774194,0.5850555066438048,1.0,0.8886623318679442,False
73791,F42,1,1.0,0.04221391734694846,0.43548387096774194,0.5866944096645335,1.0,0.8866627070317029,False
16818,F42,1,0.0,0.09866376055289876,0.3064516129032258,0.6086510993041119,0.0,0.20182655018382656,False
16818,F42,1,0.0,0.10814097224706863,0.3548387096774194,0.6135023072959067,0.0,0.20668889385847306,False
16818,F42,1,0.0,0.0923623999842831,0.3387096774193548,0.600275814116144,0.1,0.21629145461680174,False
137367,F42,1,1.0,0.022916680567195088,0.45161290322580644,0.596278506001571,1.0,0.8916638587400203,False
137367,F42,1,1.0,0.04735213773323872,0.43548387096774194,0.5946474065446381,1.0,0.8869754599754601,False
137367,F42,1,1.0,0.06983828027191803,0.43548387096774194,0.5790571989655469,1.0,0.882744754406819,False
137367,F42,1,1.0,0.02951887200027579,0.41935483870967744,0.6083677509280074,1.0,0.8886893019597121,False
43607,F42,1,1.0,0.08688753707772875,0.4032258064516129,0.5993857342605715,1.0,0.8795248892927172,False
43607,F42,1,1.0,0.032931489917649506,0.3870967741935484,0.6073140062396098,1.0,0.8846088100572788,False
43607,F42,1,1.0,0.060841275699119686,0.3870967741935484,0.6084890242399741,1.0,0.8816382803038225,False
43607,F42,1,1.0,0.08134091681143758,0.4032258064516129,0.6016278814677387,1.0,0.8803903079008794,False
122368,G46,1,1.0,0.04666027046665527,0.4032258064516129,0.5789343672836579,1.0,0.8817222114742906,False
122368,G46,1,1.0,0.08852596687130274,0.3870967741935484,0.5842335106272052,1.0,0.8758671464388278,False
122368,G46,1,1.0,0.13820118666786813,0.3870967741935484,0.5427821001148211,1.0,0.865741965293389,False
122368,G46,1,1.0,0.05701762140874854,0.3870967741935484,0.5894815537540482,1.0,0.8799511896154275,False
98353,G46,1,1.0,0.03821521411597241,0.41935483870967744,0.5971053739470257,1.0,0.8864716665045256,False
98353,G46,1,1.0,0.05658153642569016,0.41935483870967744,0.5808175658022037,1.0,0.8826212075651323,False
98353,G46,1,1.0,0.06233812079110964,0.41935483870967744,0.5680371124038521,1.0,0.880561536702491,False
98353,G46,1,1.0,0.06400669773491637,0.41935483870967744,0.5891929057218211,1.0,0.8827267829662868,False
60637,G47,1,1.0,0.01905597647105659,0.7419354838709677,0.579095927944174,1.0,0.9224417150382317,False
60637,G47,1,1.0,0.04218235781658746,0.3709677419354839,0.5738458136203037,1.0,0.8780701330821334,False
60637,G47,1,1.0,0.06785877332516979,0.3709677419354839,0.5614544193869515,1.0,0.8738403764441407,False
60637,G47,1,1.0,0.06587001775685798,0.3709677419354839,0.5948537898951692,1.0,0.877772390452644,False
75,G46,1,1.0,0.03842856022856188,0.41935483870967744,0.5896167385174598,1.0,0.8856158907776195,False
75,G46,1,1.0,0.04211171645566219,0.41935483870967744,0.5985635756136235,1.0,0.8862007442075154,False
75,G46,1,1.0,0.04260756006327319,0.41935483870967744,0.581890809827341,1.0,0.8842931209415271,False
75,G46,1,1.0,0.04837685846489978,0.41935483870967744,0.5970587436654656,0.9,0.8742263026566937,False
18727,F42,1,0.0,0.03200109220143924,0.45161290322580644,0.5916552151474763,0.1,0.23458522513020486,False
18727,F42,1,1.0,0.06616020684340504,0.45161290322580644,0.58853981320798,1.0,0.8859991677322646,False
18727,F42,1,1.0,0.07612174333929632,0.43548387096774194,0.5879404183862874,1.0,0.8830336162238592,False
18727,F42,1,1.0,0.0554332138405468,0.43548387096774194,0.586406268835612,0.6,0.8407174362180896,False
10445,F42,1,1.0,0.004621085757060567,0.7741935483870968,0.5919538103921602,0.9,0.917947363669133,False
10445,F42,1,1.0,0.04516460155353553,0.6290322580645161,0.5491511069919284,0.9,0.8925576403892121,False
10445,F42,1,1.0,0.06050549308186406,0.5,0.5376455511585445,1.0,0.8863488953418533,False
10445,F42,1,1.0,0.1295000842850969,0.532258064516129,0.5079818283547377,0.9,0.8678599787317522,False
118047,G46,1,1.0,0.004041203918491967,0.8064516129032258,0.5890482585926583,1.0,0.9323842963974881,False
118047,G46,1,1.0,0.04134487802181364,0.43548387096774194,0.5976207304658232,1.0,0.8879733026013057,False
118047,G46,1,1.0,0.048862449337462206,0.43548387096774194,0.5552778438684433,1.0,0.8824332517220803,False
118047,G46,1,1.0,0.05211637771892258,0.43548387096774194,0.575842968070342,1.0,0.8843567179243512,False
130886,F42,1,1.0,0.07088009787581215,0.4032258064516129,0.570279201367748,0.9,0.866958323327061,False
130886,F42,1,1.0,0.06701931736705262,0.3870967741935484,0.5999860956152621,1.0,0.8800070613824175,False
130886,F42,1,1.0,0.10240854930211189,0.4032258064516129,0.5658650924960678,1.0,0.8740758166272854,False
130886,F42,1,1.0,0.07578343469211882,0.4032258064516129,0.5996532665707393,1.0,0.8807884042589147,False
55444,F42,1,1.0,0.04443594483786609,0.4032258064516129,0.5799430281254927,0.7,0.8487480988599156,False
55444,F42,1,0.0,0.031928616505476584,0.4032258064516129,0.5731243468798832,0.0,0.2160468374251133,False
55444,F42,1,1.0,0.03661671839201395,0.4032258064516129,0.5629496894014094,0.7,0.8477287530512232,False
55444,F42,1,1.0,0.05217235102508312,0.4032258064516129,0.5691989766943799,0.3,0.8022502702356565,False
3669,G46,1,1.0,0.1119113888988358,0.3548387096774194,0.5044996145009468,1.0,0.8608252150310589,False
3669,G46,1,1.0,0.17190243695776394,0.3548387096774194,0.41502244254086607,1.0,0.8442176350289468,False
3669,G46,1,1.0,0.13637795976280756,0.3387096774193548,0.4671566213203076,1.0,0.8521653709974283,False
3669,G46,1,0.0,0.048083955625160164,0.4032258064516129,0.5867720209634633,0.0,0.2157682079766573,False
122320,G46,1,0.0,0.031152679441753258,0.41935483870967744,0.6030420949544903,0.2,0.24347158380249048,False
122320,G46,1,0.0,0.04247336258521452,0.41935483870967744,0.6055911127660725,0.0,0.22027473209894838,False
122320,G46,1,0.0,0.06800470647706537,0.41935483870967744,0.6002965520902523,0.0,0.21684963159142936,False
122320,G46,1,0.0,0.05372133168597235,0.41935483870967744,0.6016124366423252,0.0,0.21858288262955894,False
115960,G46,1,1.0,0.05693684327662926,0.43548387096774194,0.5870225811026899,1.0,0.885063289865978,False
115960,G46,1,1.0,0.1051656206069112,0.4838709677419355,0.532423623132825,1.0,0.879014330029761,False
115960,G46,1,1.0,0.07813451590134629,0.45161290322580644,0.5579823016636102,1.0,0.8812734098875634,False
115960,G46,1,1.0,0.07059655064217162,0.41935483870967744,0.580387551773589,1.0,0.8810162044267883,False
37262,F42,1,1.0,0.031167121199628355,0.3709677419354839,0.6059379669658798,1.0,0.8828598430779706,False
37262,F42,1,1.0,0.05336908512557517,0.3548387096774194,0.5914978373006701,1.0,0.8769963846502793,False
37262,F42,1,1.0,0.01981854988854972,0.3709677419354839,0.5949558314919501,1.0,0.8829005581709871,False
37262,F42,1,1.0,0.03234280764811296,0.3548387096774194,0.594531268162404,1.0,0.8796696855768568,False
131402,G47,1,1.0,0.0049837607203533805,0.7419354838709677,0.5746525139056942,1.0,0.9235115818951454,False
131402,G47,1,1.0,0.13011784304161983,0.532258064516129,0.5228707325344746,1.0,0.8805567726676649,False
131402,G47,1,1.0,0.03393430846556418,0.3709677419354839,0.5717315341898899,1.0,0.8787516630733122,False
131402,G47,1,1.0,0.042007574613251865,0.3709677419354839,0.5584509384244125,0.8,0.8541567895274049,False
31783,F42,1,1.0,0.004802227039810548,0.8064516129032258,0.5909661979050296,0.8,0.9102906204187161,False
31783,F42,1,1.0,0.031132530788118368,0.43548387096774194,0.5821196113229969,1.0,0.887385661278069,False
31783,F42,1,1.0,0.032360365742407395,0.41935483870967744,0.5987606034459879,0.8,0.8650838973792507,False
31783,F42,1,1.0,0.02954037789715545,0.43548387096774194,0.586242642720787,1.0,0.8880206817545971,False
67345,G47,1,0.0,0.06161694220972186,0.3548387096774194,0.5062745657141705,0.0,0.19994403702020755,False
67345,G47,1,1.0,0.0972381590407538,0.3548387096774194,0.5853805545223152,1.0,0.8714423450176645,False
67345,G47,1,1.0,0.10512443768345438,0.3548387096774194,0.5904739497149403,0.6,0.8266875801898783,False
67345,G47,1,1.0,0.10604225721261214,0.3548387096774194,0.5631087753023609,1.0,0.8679894697519075,False
116620,G47,1,0.0,0.03646048617358165,0.43548387096774194,0.5774776683963161,0.0,0.21961122813227515,False
116620,G47,1,1.0,0.09748517865227246,0.3870967741935484,0.4986393398929197,1.0,0.8653612150482439,False
116620,G47,1,1.0,0.15333542392646304,0.3548387096774194,0.39894592784564753,1.0,0.8444943570662893,False
53398,G46,1,1.0,0.12690021242602884,0.43548387096774194,0.545095154859963,1.0,0.872630979266853,False
53398,G46,1,1.0,0.11744814835936129,0.41935483870967744,0.5784873949687555,1.0,0.87559934281323,False
53398,G46,1,1.0,0.13504891673792693,0.43548387096774194,0.4754657764941893,0.8,0.8417667478582227,False
53398,G46,1,1.0,0.07753033055228417,0.41935483870967744,0.5970114953826093,0.9,0.8709817781711114,False
97552,F42,1,1.0,0.0545951409674171,0.3548387096774194,0.597593317799685,1.0,0.8775374318344097,False
97552,F42,1,1.0,0.04379032489514576,0.3548387096774194,0.6047644703354558,1.0,0.8795347616797476,False
97552,F42,1,1.0,0.07178960824266153,0.3548387096774194,0.5786741216392233,1.0,0.8735248025637756,False
97552,F42,1,1.0,0.06302129861600746,0.3548387096774194,0.602686060266246,1.0,0.8771670523697398,False
23416,G46,1,1.0,0.14548925148935507,0.3064516129032258,0.5154508027707048,0.8,0.8307125737982861,False
23416,G46,1,1.0,0.16412561926978714,0.3225806451612903,0.46347920197067777,1.0,0.8468815808735757,False
23416,G46,1,1.0,0.159576281970559,0.3387096774193548,0.48288741391391526,1.0,0.8513356454847457,False
71638,G46,1,0.0,0.07189870717533249,0.3870967741935484,0.5883426056910663,0.0,0.21150451918992025,False
71638,G46,1,0.0,0.05703951710804571,0.3870967741935484,0.6044932976954668,0.0,0.21495006164232994,False
71638,G46,1,0.0,0.06693780334987201,0.3709677419354839,0.6033550996127581,0.4,0.2563761153553744,False
71638,G46,1,0.0,0.06026996895830385,0.3709677419354839,0.6047472209148621,0.0,0.21282722154356024,False
38392,G46,1,1.0,0.0031796658416718675,0.8225806451612904,0.5936415521921222,1.0,0.9347825035013044,False
38392,G46,1,1.0,0.0808711951471215,0.5483870967741935,0.5225452237154486,1.0,0.8877845694825024,False
38392,G46,1,1.0,0.11052353109719895,0.5161290322580645,0.4388460463885606,1.0,0.8716057275054917,False
38392,G46,1,1.0,0.028036945384721856,0.46774193548387094,0.5936063177253048,1.0,0.8925901453138283,False
23560,G47,1,1.0,0.07818061475071095,0.3709677419354839,0.584637241370054,1.0,0.8752693742838696,False
23560,G47,1,1.0,0.11012650300154923,0.3548387096774194,0.534516003277528,1.0,0.864358689994822,False
23560,G47,1,1.0,0.07317094016327946,0.3709677419354839,0.5741461511699039,1.0,0.8746603281046786,False
23560,G47,1,1.0,0.08916016164770876,0.3870967741935484,0.5750650174935936,1.0,0.8747779588932703,False
47814,G47,1,1.0,0.024542544626157858,0.3548387096774194,0.5611214064382302,1.0,0.8768241746099434,False
47814,G47,1,1.0,0.040798219634156044,0.3548387096774194,0.5695187911059183,1.0,0.8759510312387979,False
47814,G47,1,1.0,0.04527512834677659,0.3548387096774194,0.5690301496854271,1.0,0.87539930344623,False
47814,G47,1,1.0,0.046801740909955494,0.3548387096774194,0.5698377955366124,1.0,0.8753194182560083,False
102891,G46,1,0.0,0.08191568320060856,0.3870967741935484,0.584166143230742,0.0,0.20992747046929797,False
102891,G46,1,0.0,0.0682468395176242,0.3870967741935484,0.5928212655037086,0.0,0.2124079111310703,False
102891,G46,1,1.0,0.11792302260507896,0.3709677419354839,0.5108196663807656,1.0,0.8626515984123523,False
105497,G46,1,0.0,0.04346199283922149,0.4032258064516129,0.557107824783784,0.0,0.21298573759957504,False
105497,G46,1,0.0,0.03242484594235546,0.4032258064516129,0.5642700135531662,0.3,0.2483412193402693,False
105497,G46,1,0.0,0.03424172860647942,0.4032258064516129,0.5801956483024737,0.0,0.2165755251275119,False
105497,G46,1,1.0,0.0328917895004779,0.4032258064516129,0.5610399533349645,0.8,0.8590415522540111,False
4451,F42,1,1.0,0.08560732704931225,0.3709677419354839,0.5832250722065384,1.0,0.8742872763436345,False
4451,F42,1,1.0,0.09093017979637459,0.3709677419354839,0.5704391322762543,0.7,0.8389418549350405,False
4451,F42,1,1.0,0.08765671904842205,0.3709677419354839,0.5589399262338175,0.3,0.7935834387912089,False
4451,F42,1,1.0,0.09076884770519891,0.3709677419354839,0.5795032410139058,0.7,0.8399669039160211,False
76512,F42,1,1.0,0.06704388774523456,0.41935483870967744,0.5750768644294098,0.8,0.8585986461548725,False
76512,F42,1,0.0,0.056407783949166485,0.41935483870967744,0.5691643269756091,0.0,0.21467904241512445,False
76512,F42,1,1.0,0.08614008713736489,0.4032258064516129,0.5798816765036934,1.0,0.877440821757549,False
76512,F42,1,0.0,0.06643336080225096,0.4032258064516129,0.584721060975693,0.0,0.2135015007361172,False
117771,G47,1,1.0,0.04058443909571843,0.43548387096774194,0.5876916136938242,1.0,0.8869545606184275,False
117771,G47,1,1.0,0.05476833714928881,0.41935483870967744,0.5825630449799195,1.0,0.8830166162822564,False
117771,G47,1,1.0,0.052380528165481915,0.41935483870967744,0.5799256411675018,1.0,0.8829888835235218,False
117771,G47,1,0.0,0.0511564132344312,0.41935483870967744,0.5760278349386614,0.0,0.21602514004598972,False
5268,G46,1,1.0,0.11500274168761197,0.3387096774193548,0.6027501473374475,0.8,0.8473841203410211,False
5268,G46,1,0.0,0.1308154413654205,0.3387096774193548,0.5873112556447286,0.4,0.24391172129985142,False
5268,G46,1,1.0,0.10808420250165096,0.3387096774193548,0.6047087171276273,0.9,0.8594815768939257,False
5268,G46,1,0.0,0.14051076612958585,0.3225806451612903,0.5907503143092523,0.0,0.19698002148232852,False
122925,G47,1,1.0,0.08780408611758173,0.43548387096774194,0.4830387076799554,1.0,0.8700798325033462,False
122925,G47,1,1.0,0.08875867154216313,0.41935483870967744,0.5541403858274043,1.0,0.8760818392216576,False
122925,G47,1,1.0,0.09318239722860074,0.43548387096774194,0.5269511445856487,1.0,0.8743614020360878,False
122925,G47,1,1.0,0.11078645793520132,0.43548387096774194,0.5104781889008783,1.0,0.8705750668814909,False
126232,F42,1,0.0,0.005170668141749329,0.7741935483870968,0.5879733333363062,0.7,0.3396662459535171,False
126232,F42,1,1.0,0.02383367473853392,0.4032258064516129,0.5827031584477242,0.9,0.8735661433512004,False
126232,F42,1,1.0,0.039066429200882206,0.4032258064516129,0.585031178478887,0.6,0.8387989506366241,False
126232,F42,1,1.0,0.04234491364957118,0.4032258064516129,0.5871649113201769,0.9,0.8720050893469132,False
54622,L68,1,0.0,0.0490708165294185,0.45161290322580644,0.5721202436660255,0.4,0.2638513700402682,False
54622,L68,1,1.0,0.05894582537120736,0.46774193548387094,0.5566971855839654,0.7,0.8517214772996256,False
54622,L68,1,0.0,0.049658072679594316,0.45161290322580644,0.5412852669052947,0.1,0.22702667749461186,False
54622,L68,1,1.0,0.03222660542435635,0.43548387096774194,0.5710013417543407,0.6,0.8415842896997473,False
50527,G47,1,1.0,0.0038546409518265268,0.8225806451612904,0.5777022718550107,1.0,0.9329364751182749,False
50527,G47,1,1.0,0.06464955044952303,0.7258064516129032,0.5307408922763095,1.0,0.9102108659377434,False
50527,G47,1,1.0,0.08223437633644938,0.6129032258064516,0.48129638310619854,1.0,0.8902183591751336,False
50527,G47,1,1.0,0.11126269095925151,0.5806451612903226,0.4909311085486257,0.9,0.8733681754310775,False
99768,G47,1,0.0,0.004095945670739906,0.7580645161290323,0.6142023406914431,0.0,0.2631301012388595,False
99768,G47,1,1.0,0.03779941267670536,0.3870967741935484,0.6085381565238434,1.0,0.8842039464489652,False
99768,G47,1,0.0,0.045601610461069794,0.3870967741935484,0.6076093658996635,0.4,0.26101161440357135,False
99768,G47,1,0.0,0.05329973479926586,0.3870967741935484,0.6115727991117247,0.0,0.21615220427844525,False
126607,G47,1,1.0,0.002479533203487773,0.8870967741935484,0.549872881376402,1.0,0.9371655691518291,False
126607,G47,1,1.0,0.04503957696905721,0.5,0.5613506965037459,1.0,0.8907012355038542,False
126607,G47,1,1.0,0.03832402875090846,0.4838709677419355,0.5676162594135983,1.0,0.890351466489403,False
126607,G47,1,1.0,0.06528598934265033,0.5,0.5691116161715778,1.0,0.8893139585365475,False
6557,G46,1,0.0,0.1823608474491597,0.5161290322580645,0.5495472636248214,0.0,0.2092572720481918,False
6557,G46,1,0.0,0.2083997018680391,0.46774193548387094,0.522487177704061,0.0,0.1979810457022103,False
6557,G46,1,0.0,0.22441079194394392,0.45161290322580644,0.49456591119635496,0.0,0.19130755805313526,False
6557,G46,1,0.0,0.20607746110611616,0.46774193548387094,0.5827311620819327,0.2,0.22715507071774305,False
24024,G47,1,1.0,0.07764918715068922,0.3548387096774194,0.5895084571443087,1.0,0.874077553296782,False
24024,G47,1,1.0,0.06400322325274327,0.3548387096774194,0.5954341167866173,1.0,0.8762521781345881,False
24024,G47,1,1.0,0.1066436357466118,0.3709677419354839,0.5844589739043946,1.0,0.8720870088992518,False
24024,G47,1,1.0,0.10199779282289963,0.3548387096774194,0.5377092187625618,1.0,0.8656166817352313,False
31423,G46,1,1.0,0.06809810918464093,0.4032258064516129,0.5717452294368874,1.0,0.8785414363004288,False
31423,G46,1,1.0,0.05371686589280823,0.4032258064516129,0.56143529448292,1.0,0.878993803893525,False
31423,G46,1,1.0,0.057424011649077275,0.3870967741935484,0.5500027073785202,1.0,0.8755194966581101,False
31423,G46,1,0.0,0.07961773180956302,0.4032258064516129,0.5482675682206313,0.0,0.2079861825402979,False
20129,G46,1,1.0,0.09726778783705446,0.46774193548387094,0.5823851889344429,0.5,0.8280954818423621,False
20129,G46,1,0.0,0.08023516647423078,0.5,0.559312422434681,0.0,0.21989747288449446,False
20129,G46,1,1.0,0.15705112018775644,0.3870967741935484,0.5016799924919098,1.0,0.8590806273886334,False
14749,G46,1,0.0,0.049625961512792034,0.3709677419354839,0.5964611922648566,0.2,0.2353114414097276,False
14749,G46,1,1.0,0.09217580273396533,0.3709677419354839,0.6024744761325822,0.7,0.8423629350371223,False
14749,G46,1,0.0,0.07335157659701884,0.3709677419354839,0.6125995977911635,0.0,0.21224619590329205,False
14749,G46,1,0.0,0.08974656238554768,0.3709677419354839,0.5997749635277914,0.0,0.20899957145308085,False
22763,G47,1,0.0,0.04874033349585654,0.41935483870967744,0.5806895052675158,0.0,0.21681155672014854,False
22763,G47,1,1.0,0.11350549172511917,0.41935483870967744,0.457710603597714,1.0,0.862617772286919,False
22763,G47,1,1.0,0.16056129516470397,0.41935483870967744,0.45782900872098664,1.0,0.8574025058073289,False
11705,G46,1,0.0,0.09714633996851843,0.41935483870967744,0.5785174259093606,0.0,0.2111917694056133,False
11705,G46,1,0.0,0.10286383354222957,0.41935483870967744,0.5746996886853306,0.0,0.21013229931697538,False
6647,F42,1,1.0,0.0545365601046458,0.3870967741935484,0.5813895760037019,1.0,0.8793277544547338,False
6647,F42,1,1.0,0.07891119860177175,0.3870967741935484,0.5817740856922116,0.7,0.8433288512537764,False
6647,F42,1,1.0,0.066121285047736,0.3870967741935484,0.5719048787237844,1.0,0.8769867075410663,False
6647,F42,1,1.0,0.04730164850994133,0.3870967741935484,0.573807090544974,1.0,0.8792891351365089,False
116159,G47,1,1.0,0.11404955936475782,0.3870967741935484,0.5808064463715366,1.0,0.8726504068000364,False
116159,G47,1,1.0,0.11214968312604852,0.3870967741935484,0.5827361234907333,0.5,0.8175203571731369,False
116159,G47,1,1.0,0.06990956737034783,0.3870967741935484,0.566874632659726,0.5,0.8204513154981029,False
116159,G47,1,1.0,0.08551477464514129,0.3870967741935484,0.5938621641115986,1.0,0.8772715737400006,False
130042,G46,1,1.0,0.234288648119302,0.41935483870967744,0.5489735811996914,1.0,0.8593377524211185,False
130042,G46,1,0.0,0.23807286630166316,0.43548387096774194,0.5547736177763097,0.0,0.1946871802713765,False
130042,G46,1,1.0,0.26278718352758895,0.41935483870967744,0.5015627363038964,1.0,0.8509033768317761,False
130042,G46,1,0.0,0.24969486562178458,0.41935483870967744,0.4364816715777343,0.0,0.17846018274062525,False
84041,G47,1,1.0,0.0815029088741873,0.3870967741935484,0.5861495136350645,0.6,0.832415930994936,False
84041,G47,1,1.0,0.10354145995413391,0.3870967741935484,0.5600209312172177,1.0,0.8715084717174035,False
84041,G47,1,1.0,0.08098941889144007,0.3870967741935484,0.5704346136863001,0.9,0.8640602187764898,False
84041,G47,1,1.0,0.11124387575242095,0.3870967741935484,0.5810906124830308,1.0,0.8729937234360176,False
98186,G47,1,1.0,0.10314008066256707,0.46774193548387094,0.5577877401821465,1.0,0.8802655105559389,False
98186,G47,1,1.0,0.11231245467269838,0.46774193548387094,0.5509398804723364,1.0,0.8784854845870566,False
98186,G47,1,0.0,0.1182382689551409,0.46774193548387094,0.5283048531638598,0.7,0.2864231688547322,False
98186,G47,1,0.0,0.11573493873067969,0.46774193548387094,0.5331159357152468,0.2,0.23168032582982645,False
44494,L68,1,1.0,0.12621387860403346,0.45161290322580644,0.5289263834441917,1.0,0.8727028231184405,False
44494,L68,1,0.0,0.09506958193552822,0.41935483870967744,0.5328659864205811,0.2,0.22857236035497003,False
44494,L68,1,1.0,0.11231061928325292,0.41935483870967744,0.573569994623357,1.0,0.8756238015610868,False
44494,L68,1,1.0,0.1203930553738939,0.4032258064516129,0.5127094128837826,0.5,0.8106157959957224,False
113186,G46,1,1.0,0.08622967697654868,0.3709677419354839,0.5655637588917659,0.5,0.8167002026500779,False
113186,G46,1,1.0,0.09459551395326407,0.3709677419354839,0.5336544042482274,0.7,0.8344474035811609,False
113186,G46,1,1.0,0.08756990100449133,0.3709677419354839,0.5867923306143522,1.0,0.8744655746161494,False
113186,G46,1,1.0,0.07988622755442769,0.3709677419354839,0.5746913841694197,1.0,0.8739747665056083,False
122053,F42,1,1.0,0.003548966447822966,0.8064516129032258,0.581727227136819,1.0,0.9316255415102468,False
122053,F42,1,1.0,0.035687857682249184,0.43548387096774194,0.5859507616373121,1.0,0.887305197213645,False
122053,F42,1,1.0,0.050930180949929876,0.43548387096774194,0.5753375622895887,1.0,0.8844323613674889,False
122053,F42,1,1.0,0.07506640886580532,0.43548387096774194,0.5591465123775112,1.0,0.8799515527199387,False
119413,G47,1,0.0,0.10020621248238218,0.5483870967741935,0.5375750608057578,0.0,0.22063954945528547,False
119413,G47,1,1.0,0.06772826553134494,0.5161290322580645,0.5171800013205243,1.0,0.885064529783027,False
119413,G47,1,0.0,0.17607704140532732,0.5483870967741935,0.4475645625237127,0.0,0.20220829087695322,False
119413,G47,1,1.0,0.0677021018438718,0.5161290322580645,0.560980327167674,1.0,0.8899341397313185,False
113877,G47,1,1.0,0.08435040741277217,0.41935483870967744,0.6002466179817215,0.9,0.8705834499198474,False
98414,G46,1,1.0,0.08768229377338564,0.43548387096774194,0.5072430610196026,1.0,0.8727827375793288,False
98414,G46,1,1.0,0.07859745523954816,0.43548387096774194,0.5537364399980031,1.0,0.8789580950806886,False
98414,G46,1,1.0,0.09204126178796643,0.43548387096774194,0.562369034278762,0.9,0.8673124048287265,False
98414,G46,1,1.0,0.08533262033288593,0.41935483870967744,0.5853048764314923,1.0,0.8799252327564759,False
69876,G46,1,1.0,0.0724641211991961,0.532258064516129,0.5736877278468708,1.0,0.8926090745737559,False
69876,G46,1,1.0,0.08137739114317293,0.532258064516129,0.5682047775808561,1.0,0.8910094945504237,False
69876,G46,1,0.0,0.10314087263820777,0.5161290322580645,0.5410103937675075,0.4,0.26155539482081824,False
69876,G46,1,0.0,0.08943479698651623,0.5,0.5611080101782846,0.2,0.24129702368797426,False
122267,G47,1,1.0,0.00336781961806038,0.8709677419354839,0.5468181731769924,1.0,0.9349353439438239,False
122267,G47,1,1.0,0.04541831243036222,0.5,0.5732123670802276,1.0,0.8919771171833184,False
122267,G47,1,1.0,0.05993220892979218,0.5,0.584493272106585,1.0,0.8916178959085325,False
122267,G47,1,1.0,0.06622452132845215,0.5,0.5960574606198636,1.0,0.8922036599212679,False
